CREATE TABLE `address` (
  `idAddress` int(10) UNSIGNED NOT NULL,
  `district` varchar(100) COLLATE utf8_unicode_ci DEFAULT NULL,
  `street` varchar(255) COLLATE utf8_unicode_ci DEFAULT NULL,
  `valuation` decimal(10,2) DEFAULT NULL
) ENGINE=MyISAM DEFAULT CHARSET=utf8 COLLATE=utf8_unicode_ci;

INSERT INTO `address` (`idAddress`, `district`, `street`, `valuation`) VALUES
(1, '2IRMAOS', '', '10.00'),
(2, 'AÇORIANOS', '', '10.00'),
(3, 'AGUAS CLARAS', '', '10.00'),
(4, 'APARECIDA', '', '10.00'),
(5, 'AUGUSTA', '', '10.00'),
(6, 'BECO DOS CUNHAS', '', '10.00'),
(7, 'BECO DOS GUTTERRES', '', '10.00'),
(8, 'BUENA VISTA', '', '10.00'),
(9, 'CANTEGRILL', '', '10.00'),
(10, 'CAPOROROCA', '', '10.00'),
(11, 'CASTELINHO', '', '10.00'),
(12, 'CENTRO', '', '10.00'),
(13, 'COHAB', '', '10.00'),
(14, 'COLORADO', '', '10.00'),
(15, 'COND. BRAGANÇA', '', '10.00'),
(16, 'CONDADO', '', '10.00'),
(17, 'DOM FELICIANO', '', '10.00'),
(18, 'ESTALAGEM', '', '10.00'),
(19, 'ESTANCIA GRANDE', '', '10.00'),
(20, 'FIUZA', '', '10.00'),
(21, 'IPE', '', '10.00'),
(22, 'ITAPEMA', '', '10.00'),
(23, 'JAGUARIBE', '', '10.00'),
(24, 'JARDIM ESTALAGEM', '', '10.00'),
(25, 'JARDIM FIUZA', '', '10.00'),
(26, 'JARDIM ITAPEMA', '', '10.00'),
(27, 'JARDIM KRAHE', '', '10.00'),
(28, 'JARDIM LISBOA', '', '10.00'),
(29, 'JARDIM VIAMAR', '', '10.00'),
(30, 'KRAHE', '', '10.00'),
(31, 'LAGO', '', '10.00'),
(32, 'LISBOA', '', '10.00'),
(33, 'LOMBA', '', '10.00'),
(34, 'MARTINICA', '', '10.00'),
(35, 'MENDANHA', '', '10.00'),
(36, 'PARQUE DAS AGUAS', '', '10.00'),
(37, 'PARQUE JAGUARIBE', '', '10.00'),
(38, 'PASSO DA AREIA', '', '10.00'),
(39, 'PASSO DO VIGARIO', '', '10.00'),
(40, 'PASSO DOS NEGROS', '', '10.00'),
(41, 'PORTAL DO PASSO', '', '10.00'),
(42, 'PRO MORAR', '', '10.00'),
(43, 'QUERENCIA', '', '10.00'),
(44, 'RECANTO DA LAGOA', '', '10.00'),
(45, 'RES. FIGUEIRA', '', '10.00'),
(46, 'SAINT HILARE', '', '10.00'),
(47, 'SANTA ISABEL', '', '10.00'),
(48, 'SANTA RITA', '', '10.00'),
(49, 'SãO CRISTOVAO', '', '10.00'),
(50, 'SãO LUCAS', '', '10.00'),
(51, 'SITIO SÃO JOSE', '', '10.00'),
(52, 'TARUMA', '', '10.00'),
(53, 'VALENÇA', '', '10.00'),
(54, 'VIAMAR', '', '10.00'),
(55, 'VIAMOPOLIS', '', '10.00'),
(56, 'VILA ELSA', '', '10.00'),
(57, 'NAO DEFINIDO', '', '0.00');

CREATE TABLE `animal_owner` (
  `idOwner` int(10) UNSIGNED NOT NULL,
  `client_idClient` int(10) UNSIGNED NOT NULL
) ENGINE=InnoDB DEFAULT CHARSET=utf8;

INSERT INTO `animal_owner` (`idOwner`, `client_idClient`) VALUES
(459, 1),
(369, 2),
(64, 3),
(215, 4),
(211, 5),
(351, 10),
(351, 11),
(434, 12),
(337, 13),
(158, 14),
(389, 15),
(270, 16),
(429, 17),
(445, 18),
(208, 19),
(439, 20),
(257, 21),
(409, 22),
(437, 23),
(257, 24),
(243, 25),
(243, 26),
(167, 27),
(256, 28),
(162, 29),
(354, 30),
(354, 31),
(354, 32),
(339, 33),
(250, 34),
(74, 35),
(452, 36),
(452, 37),
(237, 38),
(159, 39),
(159, 40),
(159, 41),
(159, 42),
(159, 43),
(127, 44),
(127, 45),
(417, 46),
(322, 47),
(295, 48),
(181, 49),
(223, 50),
(223, 51),
(312, 52),
(312, 53),
(384, 54),
(384, 55),
(384, 56),
(126, 57),
(138, 58),
(102, 59),
(442, 60),
(370, 61),
(362, 62),
(143, 63),
(143, 64),
(232, 65),
(454, 66),
(154, 67),
(122, 68),
(122, 69),
(122, 70),
(122, 71),
(122, 72),
(122, 73),
(122, 74),
(258, 75),
(327, 76),
(246, 77),
(246, 78),
(246, 79),
(246, 80),
(241, 81),
(145, 82),
(453, 83),
(161, 84),
(161, 85),
(76, 86),
(397, 87),
(398, 88),
(398, 89),
(151, 90),
(151, 91),
(151, 92),
(151, 93),
(391, 94),
(264, 95),
(187, 96),
(98, 97),
(96, 98),
(420, 99),
(166, 100),
(222, 101),
(349, 102),
(349, 103),
(134, 104),
(134, 105),
(317, 106),
(183, 107),
(299, 108),
(163, 109),
(163, 110),
(201, 111),
(201, 112),
(20, 113),
(20, 114),
(160, 115),
(436, 116),
(436, 117),
(217, 118),
(298, 119),
(298, 120),
(164, 121),
(164, 122),
(164, 123),
(198, 124),
(146, 125),
(147, 126),
(147, 127),
(245, 128),
(33, 129),
(203, 130),
(422, 131),
(334, 132),
(344, 133),
(252, 134),
(441, 135),
(412, 136),
(412, 137),
(177, 138),
(372, 139),
(372, 140),
(320, 141),
(435, 142),
(79, 143),
(79, 144),
(179, 145),
(57, 146),
(149, 147),
(124, 148),
(387, 149),
(400, 150),
(107, 151),
(107, 152),
(191, 153),
(360, 154),
(360, 155),
(153, 156),
(153, 157),
(101, 158),
(358, 159),
(297, 160),
(120, 161),
(66, 162),
(45, 163),
(69, 164),
(443, 165),
(114, 166),
(416, 167),
(416, 168),
(416, 169),
(416, 170),
(89, 171),
(84, 172),
(86, 173),
(240, 174),
(131, 175),
(105, 176),
(200, 177),
(31, 178),
(324, 179),
(324, 180),
(269, 181),
(8, 182),
(456, 183),
(273, 184),
(446, 185),
(228, 186),
(410, 187),
(410, 188),
(155, 189),
(139, 190),
(139, 191),
(251, 192),
(186, 193),
(168, 194),
(393, 195),
(436, 196),
(436, 197),
(333, 198),
(254, 199),
(254, 200),
(427, 201),
(199, 202),
(451, 203),
(451, 204),
(123, 205),
(123, 206),
(123, 207),
(236, 208),
(157, 209),
(193, 210),
(156, 211),
(293, 212),
(195, 213),
(310, 214),
(178, 215),
(292, 216),
(292, 217),
(288, 218),
(265, 219),
(379, 220),
(48, 221),
(34, 222),
(388, 223),
(330, 224),
(272, 225),
(17, 226),
(263, 227),
(376, 228),
(376, 229),
(352, 230),
(142, 231),
(450, 232),
(450, 233),
(448, 234),
(182, 235),
(140, 236),
(140, 237),
(63, 238),
(133, 239),
(341, 240),
(413, 241),
(196, 242),
(95, 243),
(42, 244),
(207, 245),
(207, 246),
(281, 247),
(281, 248),
(455, 249),
(455, 250),
(185, 251),
(385, 252),
(112, 253),
(189, 254),
(106, 255),
(5, 256),
(424, 257),
(91, 258),
(180, 259),
(137, 260),
(173, 261),
(444, 262),
(404, 263),
(253, 264),
(253, 265),
(277, 266),
(100, 267),
(418, 268),
(109, 269),
(224, 270),
(171, 271),
(364, 272),
(129, 273),
(129, 274),
(103, 275),
(150, 276),
(150, 277),
(150, 278),
(373, 279),
(342, 280),
(342, 281),
(342, 282),
(342, 283),
(342, 284),
(99, 285),
(99, 286),
(50, 287),
(108, 288),
(100, 289),
(100, 290),
(100, 291),
(100, 292),
(100, 293),
(234, 294),
(209, 295),
(405, 296),
(259, 297),
(365, 298),
(303, 299),
(375, 300),
(11, 301),
(59, 302),
(426, 303),
(194, 304),
(175, 305),
(381, 306),
(390, 307),
(367, 308),
(87, 309),
(284, 310),
(284, 311),
(125, 312),
(301, 313),
(343, 314),
(326, 315),
(326, 316),
(16, 317),
(371, 318),
(219, 319),
(399, 320),
(399, 321),
(407, 322),
(407, 323),
(407, 324),
(300, 325),
(332, 326),
(328, 327),
(457, 328),
(408, 329),
(2, 330),
(44, 331),
(7, 332),
(289, 333),
(363, 334),
(30, 335),
(62, 336),
(35, 337),
(261, 338),
(113, 339),
(346, 340),
(346, 341),
(169, 342),
(428, 343),
(311, 344),
(46, 345),
(335, 346),
(335, 347),
(440, 348),
(210, 349),
(24, 350),
(67, 351),
(67, 352),
(67, 353),
(216, 354),
(38, 355),
(38, 356),
(38, 357),
(29, 358),
(421, 359),
(73, 360),
(394, 361),
(394, 362),
(313, 363),
(313, 364),
(104, 365),
(60, 366),
(90, 367),
(374, 368),
(247, 369),
(419, 370),
(144, 371),
(396, 372),
(396, 373),
(116, 374),
(115, 375),
(197, 376),
(235, 377),
(377, 378),
(195, 379),
(226, 380),
(321, 381),
(121, 382),
(353, 383),
(36, 384),
(378, 385),
(411, 386),
(401, 387),
(359, 388),
(318, 389),
(70, 390),
(70, 391),
(49, 392),
(348, 393),
(368, 394),
(51, 395),
(433, 396),
(15, 397),
(135, 398),
(13, 399),
(431, 400),
(386, 401),
(88, 402),
(212, 403),
(54, 404),
(80, 405),
(350, 406),
(355, 407),
(19, 408),
(9, 409),
(75, 410),
(395, 411),
(267, 412),
(414, 413),
(268, 414),
(190, 415),
(190, 416),
(172, 417),
(172, 418),
(172, 419),
(172, 420),
(94, 421),
(291, 422),
(309, 423),
(319, 424),
(61, 425),
(61, 426),
(141, 427),
(148, 428),
(18, 429),
(18, 430),
(10, 431),
(278, 432),
(366, 433),
(111, 434),
(244, 435),
(296, 436),
(26, 437),
(302, 438),
(336, 439),
(336, 440),
(380, 441),
(402, 442),
(152, 443),
(425, 444),
(325, 445),
(305, 446),
(305, 447),
(305, 448),
(305, 449),
(305, 450),
(307, 451),
(92, 452),
(392, 453),
(37, 454),
(37, 455),
(294, 456),
(338, 457),
(286, 458),
(3, 459),
(220, 460),
(356, 461),
(357, 462),
(276, 463),
(136, 464),
(32, 465),
(32, 466),
(225, 467),
(225, 468),
(225, 469),
(383, 470),
(213, 471),
(213, 472),
(23, 473),
(23, 474),
(233, 475),
(233, 476),
(71, 477),
(1, 478),
(239, 479),
(415, 480),
(238, 481),
(331, 482),
(347, 483),
(315, 484),
(290, 485),
(290, 486),
(40, 487),
(323, 488),
(323, 489),
(316, 490),
(316, 491),
(345, 492),
(55, 493),
(78, 494),
(308, 495),
(192, 496),
(192, 497),
(170, 498),
(12, 499),
(214, 500),
(214, 501),
(214, 502),
(77, 503),
(184, 504),
(184, 505),
(361, 506),
(230, 507),
(274, 508),
(248, 509),
(110, 510),
(255, 511),
(458, 512),
(176, 513),
(249, 514),
(249, 515),
(438, 516),
(438, 517),
(438, 518),
(438, 519),
(14, 520),
(52, 521),
(118, 522),
(118, 523),
(132, 524),
(128, 525),
(204, 526),
(6, 527),
(65, 528),
(220, 529),
(231, 530),
(43, 531),
(49, 532),
(283, 533),
(27, 534),
(382, 535),
(285, 536),
(403, 537),
(287, 538),
(329, 539),
(432, 540),
(205, 541),
(206, 542),
(82, 543),
(21, 544),
(280, 545),
(279, 546),
(93, 547),
(212, 548),
(97, 549),
(119, 550),
(423, 551),
(304, 552),
(266, 553),
(218, 554),
(406, 555),
(260, 556),
(81, 557),
(81, 558),
(130, 559),
(202, 560),
(221, 561),
(271, 562),
(25, 563),
(22, 564),
(117, 565),
(306, 566),
(72, 567),
(41, 568),
(242, 569),
(188, 570),
(59, 571),
(68, 572),
(430, 573),
(407, 574),
(407, 575),
(262, 576),
(85, 577),
(53, 578),
(227, 579),
(47, 580),
(165, 581),
(174, 582),
(4, 583),
(28, 584),
(83, 585),
(56, 586),
(447, 587),
(449, 588),
(449, 589),
(39, 590),
(39, 591),
(39, 592),
(229, 593),
(275, 594),
(340, 595),
(282, 596),
(58, 597),
(172, 598),
(172, 599),
(314, 600),
(314, 601);

CREATE TABLE `breed` (
  `idBreed` int(10) UNSIGNED NOT NULL,
  `nameBreed` varchar(100) COLLATE utf8_unicode_ci DEFAULT NULL
) ENGINE=MyISAM DEFAULT CHARSET=utf8 COLLATE=utf8_unicode_ci;

INSERT INTO `breed` (`idBreed`, `nameBreed`) VALUES
(1, 'AKITA'),
(2, 'BASSET'),
(3, 'BERENESSE'),
(4, 'BICHON'),
(5, 'BICHONFRISE'),
(6, 'BLUEHELLER'),
(7, 'BORDER'),
(8, 'BOXER'),
(9, 'BULLDOG'),
(10, 'CHIUAUA'),
(11, 'CHOWCHOW'),
(12, 'COCKER'),
(13, 'COLLIE'),
(14, 'DALMATA'),
(15, 'DOGALEMAO'),
(16, 'FOX'),
(17, 'FOXPAULISTA'),
(18, 'GATO'),
(19, 'GOLDEM'),
(20, 'LABRADOR'),
(21, 'LHASA'),
(22, 'LINGUIÇA'),
(23, 'LULU'),
(24, 'MALTES'),
(25, 'PASTORALEM~AO'),
(26, 'PEQUENES'),
(27, 'PERSA'),
(28, 'PINCHER'),
(29, 'POODLE'),
(30, 'PUG'),
(31, 'S~AOBERNARDO'),
(32, 'SCHITZU'),
(33, 'SCHNAUZER'),
(34, 'SCOTTTERRIER'),
(35, 'SHARPEI'),
(36, 'SPLITZALEMAO'),
(37, 'SRD'),
(38, 'YORKSHIRE'),
(40, 'BORDER COLLIE'),
(42, 'NAO DEFINIDO'),
(53, 'fila');

CREATE TABLE `category_expense_financial` (
  `idCategoryExpenseFinancial` int(10) UNSIGNED NOT NULL,
  `descCategoryExpenseFinancial` varchar(255) DEFAULT NULL
) ENGINE=MyISAM DEFAULT CHARSET=utf8;

INSERT INTO `category_expense_financial` (`idCategoryExpenseFinancial`, `descCategoryExpenseFinancial`) VALUES
(1, 'Contas Fixas'),
(2, 'Departamento Pessoal'),
(3, 'Insumos'),
(4, 'Produtos'),
(5, 'Equipamentos'),
(6, 'Diversos');

CREATE TABLE `client` (
  `idClient` int(10) UNSIGNED NOT NULL,
  `breed_idBreed` int(10) UNSIGNED NOT NULL,
  `address_idAddress` int(10) UNSIGNED NOT NULL,
  `owner` varchar(250) COLLATE utf8_unicode_ci NOT NULL,
  `idOwner` int(11) NOT NULL,
  `nameAnimal` varchar(255) COLLATE utf8_unicode_ci NOT NULL,
  `addressNumber` varchar(255) COLLATE utf8_unicode_ci NOT NULL,
  `addressComplement` varchar(255) COLLATE utf8_unicode_ci DEFAULT NULL,
  `phone1` bigint(20) NOT NULL,
  `phone2` bigint(20) DEFAULT NULL,
  `email` varchar(255) COLLATE utf8_unicode_ci DEFAULT NULL
) ENGINE=MyISAM DEFAULT CHARSET=utf8 COLLATE=utf8_unicode_ci;

INSERT INTO `client` (`idClient`, `breed_idBreed`, `address_idAddress`, `owner`, `idOwner`, `nameAnimal`, `addressNumber`, `addressComplement`, `phone1`, `phone2`, `email`) VALUES
(1, 32, 39, 'SIMONE ETCHEVERRY', 459, 'NINA', 'VIGARIO DA PROVINCIA, No 629', NULL, 99660022, 81519894, 'SAC@MERECEBELEZA.COM.BR'),
(2, 38, 50, 'CRISTIANE BIRA SALVADOS', 369, 'MEL', 'RUA HEITOR VILA LOBOS, No75', NULL, 34922135, 91553290, ''),
(3, 21, 50, 'RAISSA FRANCO', 64, 'MALU', '', NULL, 97277718, 0, ''),
(4, 19, 52, 'ANDRÉIA LIMA', 215, 'CAITY', 'LOTE 274', NULL, 95507491, 0, ''),
(5, 29, 52, 'SOLANGE MATTOS', 211, 'JUNIOR', 'LOTE 128', NULL, 81323266, 0, 'SOLAMATTOS@TERRA.COM.BR'),
(598, 20, 12, 'CAMILLA ARAUJO ASSAD', 172, 'Agatha copy*', 'ERICO VERRISIMO 286', '', 97177915, 96667332, ''),
(10, 38, 30, 'DENISE IBERE SOARES CARDOSO DA ROCHA', 351, 'PINK', 'RUA FELINTO DE ALMEIDA 60 KRAE', NULL, 34921907, 81746251, 'DENISE.SC.ROCHA@GMAIL.COM'),
(11, 32, 30, 'DENISE IBERE SOARES CARDOSO DA ROCHA', 351, 'LILI', 'RUA FELINTO DE ALMEIDA 60 KRAE', NULL, 34921907, 81746251, 'DENISE.SC.ROCHA@GMAIL.COM'),
(12, 36, 29, 'MARIANA CRISTINA DIAS DE CAMILLIS', 434, 'BELINHA', 'RUA V No79', NULL, 34921994, 84276782, 'DROGARIARH@BOL.COM.BR'),
(13, 16, 21, 'ADRIANA COLARES', 337, 'TICA', 'RUA DEMETRIO RIBEIRO 80', NULL, 81841338, 34442880, 'COLARES.ADRIANA@GMAIL.COM'),
(14, 32, 52, 'GISELE AKILES', 158, 'LOCK', 'CONDADO LOTE 252', NULL, 99615471, 0, ''),
(15, 21, 44, 'VINA DE MARINS SANTTANNA', 389, 'PIAFA', 'RUA LAGOA MIRIM No116', NULL, 93518755, 92750672, ''),
(16, 29, 45, 'VALDOIR FARIAS (SEG CONDADO)', 270, 'MEL', 'RUA \'A\' No131', NULL, 91975282, 0, ''),
(17, 32, 55, 'ISABEL CRISTINA MARQUES', 429, 'JERRY', 'RUA S~AO MANOEL  Pd 40', NULL, 94205518, 91522236, 'TIMOTHEO_MARCOS@YAHOO.COM.BR'),
(18, 24, 13, 'ANDRESSA DA SILVA', 445, 'PETER', 'Sem. Salgado filho  No9516 Pda 56  AP:201', NULL, 82961163, 55, ''),
(19, 38, 56, 'ANDRE GONÇALVES', 208, 'NINA', 'LA MARTINE BABO', NULL, 85388822, 30457224, 'ANDRESEKO@GMAIL.COM'),
(20, 29, 18, 'CELIA TEIXEIRA', 439, 'BELINHA', 'RUA.: Padre Jo~ao Diniz Alvarez Lima. No  63', NULL, 99910178, 34464284, 'celiaberenice@yahoo.com.br'),
(21, 29, 52, 'D^e', 257, 'ICE', 'RS118 KM 38 No1252', NULL, 34858130, 0, ''),
(22, 38, 8, 'LUCIANA  REMEDIO', 409, 'PETUNIA', 'RUA PARDAL N359 LOTE V20 V21', NULL, 30195904, 99610477, ''),
(23, 32, 52, 'JOSE CARLOS DE ANDRADE', 437, 'THOR', 'RUA VOLUNTARIOS DA PATRIA No250', NULL, 95211744, 31088368, ''),
(24, 24, 52, 'D^E', 257, 'LADY', 'RS118 KM 38 No1252', NULL, 34858130, 0, ''),
(25, 37, 52, 'ANA REIS', 243, 'BENTO', 'RAUL CABRAL DE MENEZES 83', NULL, 34852203, 98339987, 'AREIS1900@GMAIL.COM'),
(26, 37, 52, 'ANA REIS', 243, 'BELINHA', 'RAUL CABRAL DE MENEZES 83', NULL, 34852203, 98339987, 'AREIS1900@GMAIL.COM'),
(27, 32, 12, 'ANDRE CANIL', 167, 'NATHY', 'DOM FELICIANO', NULL, 0, 97497958, ''),
(28, 32, 19, 'ROBERTA PACHECO DOS REIS', 256, 'PANTUFA', 'RS118 KM 34 No45', NULL, 99746678, 96011993, 'ROBERTA_PACHECO@HOTMAIL.COM'),
(29, 21, 52, ' FRANCIANE TROIS', 162, 'EMMY', 'CONDADO LOTE 379', NULL, 93141515, 34928209, 'Franciane_trois@msn.com'),
(30, 32, 17, 'PEDRO CZIMIKOSKI', 354, 'BELINHA', 'RUA FERNANDO DE ANDRADE PRATES 319', NULL, 97075088, 99829444, 'MBCZIMIKOSKI@YAHOO.COM.BR'),
(31, 32, 17, 'PEDRO CZIMIKOSKI', 354, 'SOFIA', 'RUA FERNANDO DE ANDRADE PRATES 319', NULL, 97075088, 99829444, 'MBCZIMIKOSKI@YAHOO.COM.BR'),
(32, 32, 17, 'PEDRO CZIMIKOSKI', 354, 'KIKA', 'RUA FERNANDO DE ANDRADE PRATES 319', NULL, 97075088, 99829444, 'MBCZIMIKOSKI@YAHOO.COM.BR'),
(33, 37, 24, 'CAROLINE LEMOS BOHM', 339, 'MEL', 'RUA DJALMO DA VEIGA 179', NULL, 85228583, 34357435, 'CAROL.BOHM@HOTMAIL.COM'),
(34, 37, 19, 'ROBERTA PACHECO DOS REIS', 250, 'ESTOPA', 'RS 118 KM 34 No45', NULL, 99746678, 96011993, 'ROBERTA_PACHECO@HOTMAIL.COM'),
(35, 32, 57, 'TAINA TOMMY', 74, 'TOMMY', '', NULL, 98606578, 0, ''),
(36, 32, 52, 'KARINE FROLICH', 452, 'CHARLOTE', 'SITIO TARUMA', NULL, 0, 0, ''),
(37, 18, 52, 'KARINE FROLICH', 452, 'FIONA', 'SITIO TARUMA', NULL, 0, 0, ''),
(38, 37, 51, 'ELIZETE CRISTINA DOS SANTOS SANTOS', 237, 'BRANCA', 'PRESIDENTE CASTELO BRANCO 1041', NULL, 34851811, 99533904, 'CRIZETE@TERRA.COM.BR'),
(39, 32, 52, 'LUIZ CARLOS DE ARAUJO', 159, 'BAMBAM', 'CONDADO LOTE 303', NULL, 30452147, 98419817, 'LUIZ249@GMAIL.COM'),
(40, 32, 52, 'LUIZ CARLOS DE ARAUJO', 159, 'PEDRITA', 'CONDADO LOTE 303', NULL, 30452147, 98419817, ''),
(41, 32, 52, 'LUIZ CARLOS DE ARAUJO', 159, 'CHICO', 'CONDADO LOTE 303', NULL, 30452147, 98419817, ''),
(42, 28, 52, 'LUIZ CARLOS DE ARAUJO', 159, 'NINA', 'CONDADO LOTE 303', NULL, 30452147, 98419817, ''),
(43, 37, 52, 'LUIZ CARLOS DE ARAUJO', 159, 'BELINHA', 'CONDADO LOTE 303', NULL, 30452147, 98419817, ''),
(44, 38, 26, 'ARIANE MEDEIROS  RODRIGUES', 127, 'SUZI', 'AVENIDA IPE AMARELOS 160 CASA 16', NULL, 92103643, 0, 'ARI2011_RODRIGUES@HOTMAIL.COM'),
(45, 19, 26, 'ARIANE MEDEIROS  RODRIGUES', 127, 'LAILA', 'AVENIDA IPE AMARELOS 160 CASA 16', NULL, 92103643, 0, ''),
(46, 32, 50, 'ELISANDRA GADES LIMA', 417, 'MALU', 'RUA PIXINGUINHA N 230 PD 43', NULL, 30540094, 99073247, 'ELISANDRA.GADES@HOTMAIL.COM'),
(47, 32, 54, 'EDIANE CARPES', 322, 'PENELOPE', 'RUA CALIFORNIA N 491', NULL, 93048037, 91614883, 'EDIANE.CARPES@IG.COM.BR'),
(48, 37, 12, 'GABRIELA CUZINATO', 295, 'FLORENCIA', 'RUA AÇORES No 201', NULL, 99241289, 34851848, ''),
(49, 38, 52, 'FERNANDA  SOUZA DA SILVA', 181, 'PRINCESA', 'ESTRADA DO MALACARA N 500', NULL, 84094083, 84092974, ''),
(50, 32, 17, 'ELIZETE ROCHA DE SOUZA', 223, 'FIGI', 'MARIA DO CARMO GARRABA NUNES 110', NULL, 98688903, 98082833, 'CHIQUINHARROZ@HOTMAIL.COM'),
(51, 14, 17, 'ELIZETE ROCHA DE SOUZA', 223, 'DEBY', 'MARIA DO CARMO GARRABA NUNES 110', NULL, 98688903, 98082833, 'CHIQUINHOARROZ@HOTMAIL.COM'),
(52, 32, 35, 'ANDRESSA CARVALHO ROXO', 312, 'TCHUCA', 'RUA B PARQUE CASA GRANDE 74', NULL, 31787738, 95901691, 'ANDRESSAROXO@HOTMAIL.COM'),
(53, 32, 35, 'ANDRESSA CARVALHO ROXO', 312, 'LUNA', 'RUA B PARQUE CASA GRANDE 74', NULL, 31787738, 95901691, 'ANDRESSAROXO@HOTMAIL.COM'),
(54, 29, 52, 'CLARICE SEVERGUINE', 384, 'PELUDINHO', 'RUA JOSE MARTINS 92', NULL, 92959932, 34923866, ''),
(55, 16, 52, 'CLARICE SEVERGUINE', 384, 'TEDDY', 'RUA JOSE MARTINS 92', NULL, 92959932, 34923866, ''),
(56, 37, 52, 'CLARICE SEVERGUINE', 384, 'GURIA', 'RUA JOSE MARTINS 92', NULL, 92959932, 34923866, ''),
(57, 37, 54, 'VERA LUCIA SALVIAN', 126, 'PRETA', 'AVENIDA FIGUEIRA 1112', NULL, 99647061, 99978387, 'VERASALVIANO@GMAIL.COM'),
(58, 21, 30, 'RENATO ANDRE PERES', 138, 'MAILE', 'BUENA VISTA  LOTE  AF9  ARARA No100', NULL, 99588656, 33310560, 'RENATOANDREPERES@GMAIL.COM'),
(59, 29, 12, 'ANDREA SCHARDOSIN', 102, 'BELLA', 'ACORES 535', NULL, 97332790, 86018927, 'ANDREAC@GHC.COM.BR'),
(60, 22, 12, 'DENISE ANDRADES', 442, 'GANDAIA', 'SALGADO FILHO 11100', NULL, 93753636, 0, ''),
(61, 29, 49, 'MARIA INES SEVERO', 370, 'NINA', 'RUA I N 16', NULL, 99229516, 0, ''),
(62, 16, 12, 'JULIETE VIANA DOS SANTOS', 362, 'TOBY', 'RUA GENERAL CAMARA 175', NULL, 96072829, 98541556, 'JULIETEVIANNA@HOTMAIL.COM'),
(63, 37, 21, 'CLAUDIA  AMORIN DA SILVA BITTENCORT', 143, 'OSAMA', 'CARLOS CODEVILLA TAVARES 68', NULL, 0, 0, ''),
(64, 37, 21, 'CLAUDIA  AMORIN DA SILVA BITTENCORT', 143, 'GANDY', 'CARLOS CODEVILLA TAVARES 68', NULL, 0, 0, ''),
(65, 37, 9, 'TERESINHA OLIVEIRA BITELLO', 232, 'MEL', 'PAU BRASIL 926 ', NULL, 91872010, 91705959, ''),
(66, 29, 21, 'LUNARA RAMOS MACHADO', 454, 'FLORZINHA', 'TEN. MARIO TELES FERREIRA 476', NULL, 96221995, 95904888, ''),
(67, 21, 12, 'GUILHERME LENGUER', 154, 'TOMMY', 'CONDADO', NULL, 98668258, 82355428, ''),
(68, 32, 22, 'INDIANARA OLINSKI', 122, 'DOCINHO', 'AV. DOS IP^ES AMAELOS 220', NULL, 99996088, 0, ''),
(69, 25, 22, 'INDIANARA OLINSKI', 122, 'REX', 'AV. DOS IP^ES AMAELOS 220', NULL, 99996088, 0, ''),
(70, 25, 22, 'INDIANARA OLINSKI', 122, 'PRETA', 'AV. DOS IP^ES AMAELOS 220', NULL, 99996088, 0, ''),
(71, 32, 22, 'INDIANARA OLINSKI', 122, 'MIMOSO', 'AV. DOS IP^ES AMAELOS 220', NULL, 99996088, 0, ''),
(72, 32, 22, 'INDIANARA OLINSKI', 122, 'PELUDINHO', 'AV. DOS IP^ES AMAELOS 220', NULL, 99996088, 0, ''),
(73, 22, 22, 'INDIANARA OLINSKI', 122, 'PRETO', 'AV. DOS IP^ES AMAELOS 220', NULL, 99996088, 0, ''),
(74, 22, 22, 'INDIANARA OLINSKI', 122, 'TUTI', 'AV. DOS IP^ES AMAELOS 220', NULL, 99996088, 0, ''),
(75, 18, 12, 'Dr MARLI VETERINARIA', 258, 'PRETA', 'RUA  DOS OPERARIOS', NULL, 34921891, 0, ''),
(76, 37, 12, 'NAIMARA SCARPETTI', 327, 'ZÉ ROBERTO', 'RUA CIRURGI~AO VAZ FERREIRA 386', NULL, 99819393, 0, ''),
(77, 28, 53, 'SANDRA BELMONT(MAD . RENASCER)', 246, 'PIGMEU', 'RS 040 No11556(MAD.RENASCER)', NULL, 34858856, 95857563, ''),
(78, 37, 53, 'SANDRA BELMONT(MAD . RENASCER)', 246, 'MEL', 'RS 040 No11556(MAD.RENASCER)', NULL, 34858856, 95857563, ''),
(79, 29, 53, 'SANDRA BELMONT(MAD . RENASCER)', 246, 'POOF', 'RS 040 No11556(MAD.RENASCER)', NULL, 34858856, 95857563, ''),
(80, 29, 53, 'SANDRA BELMONT(MAD . RENASCER)', 246, 'BOB', 'RS 040 No11556(MAD.RENASCER)', NULL, 34858856, 95857563, ''),
(81, 29, 12, 'IVANIO LAGNI', 241, 'DIMI', 'RAUL CABRAL DE MENEZES 315', NULL, 34856253, 98038107, ''),
(82, 38, 57, 'CAROL ILHA DA BELEZA', 145, 'CHORINHO', 'CENTRO', NULL, 30546060, 34445180, ''),
(83, 32, 52, 'PEDRO HERBALIFE', 453, 'MEG', 'TARUMA', NULL, 96494955, 0, ''),
(84, 32, 52, 'PADIM', 161, 'BETHOVEM', 'CONDADO LOTE 356', NULL, 0, 0, ''),
(85, 32, 52, 'PADIM', 161, 'MEIGAN', 'CONDADO LOTE 356', NULL, 0, 0, ''),
(86, 32, 57, 'TEKA', 76, 'DOMINICK', '', NULL, 92831865, 0, ''),
(87, 37, 9, 'MARIA REGINA  PILA', 397, 'ANA CLARA', 'RUA MOGNO 309', NULL, 34460842, 0, ''),
(88, 37, 9, 'MARIA REGINA PILA', 398, 'NAMORADO', 'RUA MOGNO 309', NULL, 34460842, 0, ''),
(89, 37, 9, 'MARIA REGINA PILA', 398, 'BONECA', 'RUA MOGNO 309', NULL, 34460842, 0, ''),
(90, 37, 9, 'MARIA LUIZA FLORES', 151, 'IASMIN', 'COND CANTEGRIL RUA GRAPIA No144', NULL, 34468275, 99851245, ''),
(91, 37, 9, 'MARIA LUIZA FLORES', 151, 'MOA', 'COND CANTEGRIL RUA GRAPIA No144', NULL, 34468275, 99851245, ''),
(92, 37, 9, 'MARIA LUIZA FLORES', 151, 'SUZI', 'COND CANTEGRIL RUA GRAPIA No144', NULL, 34468275, 99851245, ''),
(93, 37, 9, 'MARIA LUIZA FLORES', 151, 'BELA ', 'COND CANTEGRIL RUA GRAPIA No144', NULL, 34468275, 99851245, ''),
(94, 37, 56, 'FABIANA COSTA ROCHA', 391, 'THEO', 'RUA LAMARTINE BABO No1290', NULL, 89155729, 91901015, 'FABIROCHA_ADM@HOTMAIL.COM'),
(95, 32, 12, 'SERGIO LUIS MORAIS', 264, 'MEG', 'RUA  JOSE GARIBALDI 473 AP 604', NULL, 91662838, 92967804, 'CARLAA.RAMOS@TERRA.COM.BR'),
(96, 32, 12, 'ANA WILDNER  ROLDAO', 187, 'SHEICK', 'FLODOALDO DE SOUZA FEIJO 275', NULL, 30461435, 89138950, 'ESTETICAMIRACLE@GMAIL.COM'),
(97, 32, 53, 'NATALIA SANTOS PORTELLA', 98, 'PITT', 'ACESSO 6 N 31', NULL, 34464970, 80601023, 'ADRISPORTELLA@HOTMAIL.COM'),
(98, 37, 53, 'CARLA RAMOS DO AMARAL', 96, 'BOMBOM', 'ACESSO 17 N 60', NULL, 34852039, 96525691, ''),
(99, 12, 12, 'CLAUDIA  ', 420, 'LILICA', 'RUA PRESIDENTE CASTELO BRANCO 571', NULL, 96810564, 0, ''),
(100, 29, 18, 'LESLEI NASCIMENTO', 166, 'SNOOP', 'DJAMO VEIGA 148 ', NULL, 0, 0, ''),
(101, 29, 12, 'ANDRESSA GUARA', 222, 'LEAO', 'LUIZ ROSSETI 161', NULL, 0, 0, ''),
(102, 32, 35, 'SILVIA REGINA FRAGA DUTRA', 349, 'MEL', 'RUA FAXINAL DO SOTURNO 133', NULL, 81495857, 31781715, 'SILVIAF.DUTRA@YAHOO.COM.BR'),
(103, 32, 35, 'SILVIA REGINA FRAGA DUTRA', 349, 'CACAU', 'RUA FAXINAL DO SOTURNO 133', NULL, 81495857, 31781715, 'SILVIAF.DUTRA@YAHOO.COM.BR'),
(104, 29, 12, 'GEDI COSTA', 134, 'DOROTY', 'BENTO GONÇALVES 325', NULL, 81518422, 30541825, 'GEDIFRAGA@GMAIL.COM'),
(105, 38, 12, 'GEDI COSTA', 134, 'FRED', 'BENTO GONÇALVES 325', NULL, 81518422, 30541825, 'GEDIFRAGA@GMAIL.COM'),
(106, 32, 12, 'LILIANE MARGARETH DA SILVA', 317, 'LEO', 'RUA BENTO GONSALVES 778', NULL, 98677636, 82983758, 'LILIANEPMV@GMAIL.COM'),
(107, 7, 38, 'DAIANA SANTOS DA ROSA', 183, 'KIKA', 'ESTRADO DO CANTA GALO 1480', NULL, 98984112, 96922546, 'JV.ANGELIN@HOTMAIL.COM'),
(108, 32, 12, 'LAURA KOPPLIN', 299, 'LILICA', 'RUA ALCEBIADES AZREDO DOS SANTOS 1569 AP 7A', NULL, 93319404, 0, 'LAURAKOPPLIN@GMAIL.COM'),
(109, 19, 16, 'KATIA MELLO', 163, 'TAILA', 'CONDADO LOTE 54', NULL, 99677323, 34922245, ''),
(110, 29, 16, 'KATIA MELLO', 163, 'KIKA', 'CONDADO LOTE 54', NULL, 99677323, 34922245, ''),
(111, 14, 52, 'DONA ELSA', 201, 'MAX', 'JOSE MARTINS', NULL, 0, 0, ''),
(112, 14, 52, 'DONA ELSA', 201, 'BELLA', 'JOSE MARTINS', NULL, 0, 0, ''),
(113, 37, 12, 'DANIELLE', 20, 'MALOKA', '', NULL, 34851861, 0, ''),
(114, 6, 12, 'DANIELLE', 20, 'EBBY', '', NULL, 34851861, 0, ''),
(115, 32, 16, 'DULCE MAYER', 160, 'MIKI', 'CONDADO LOTE 341', NULL, 91674229, 91397726, ''),
(116, 25, 39, 'FELIPE DIAS MAIA', 436, 'DOG', 'Rua Vigário da Província, 529', NULL, 99729860, 31292942, ''),
(117, 37, 39, 'FELIPE DIAS MAIA', 436, 'LOLA', 'Rua Vigário da Província, 529', NULL, 99729860, 31292942, ''),
(118, 29, 16, 'LUCIA MACIEL DE SOUZA', 217, 'NICOLE', 'LOTE 55 ', NULL, 92727077, 34923214, 'REJANEMACIELDESOUZA@HOTMAIL.COM'),
(119, 29, 51, 'LIANE RIVALDO  VARGAS', 298, 'MEG', 'RUA ALCEBIADES AZEREDO DOS SANTOS 1569 AP 4B', NULL, 99810207, 34725545, ''),
(120, 34, 51, 'LIANE RIVALDO  VARGAS', 298, 'PINK', 'RUA ALCEBIADES AZEREDO DOS SANTOS 1569 AP 4B', NULL, 99810207, 34725545, 'VARGAS.LIANE@GMAIL.COM'),
(121, 36, 16, 'LUCIANO ARTECOLOR', 164, 'SOFIA', 'CONDADO LOTE 59', NULL, 0, 98123094, ''),
(122, 36, 16, 'LUCIANO ARTECOLOR', 164, 'PETER', 'CONDADO LOTE 59', NULL, 0, 98123094, ''),
(123, 13, 16, 'LUCIANO ARTECOLOR', 164, 'LUPITA', 'CONDADO LOTE 59', NULL, 0, 98123094, ''),
(124, 32, 39, 'CRISTINA FERREIRA SOARES', 198, 'AKIRA', 'JOSE GARIBALDE 2870', NULL, 97122662, 31088856, ''),
(125, 33, 12, 'JORGE MEIRA  BICUDA', 146, 'PITANGA', 'CENTRO', NULL, 91137595, 0, ''),
(126, 33, 57, 'JORGE MEIRA  BICUDA', 147, 'DEDA', 'CENTRO', NULL, 91137595, 0, ''),
(127, 33, 57, 'JORGE MEIRA  BICUDA', 147, 'PATO', 'CENTRO', NULL, 91137595, 0, ''),
(128, 32, 41, 'CARLA BOE ADESTRADOR', 245, 'NINA', 'ROD ACRISIO PRATES 7490 CASA 690', NULL, 98551123, 0, ''),
(129, 24, 57, 'FERNANDA  ROSPIDE', 33, 'PEROLA', '', NULL, 84600200, 0, ''),
(130, 32, 52, 'BIA', 203, 'MEL', 'JOSE MARTINS 312', NULL, 92341118, 0, ''),
(131, 32, 49, 'MARINES TEIXEIRA', 422, 'JACK', 'RUA Q N 162', NULL, 95246952, 0, ''),
(132, 38, 12, 'RAFAEL OLIVEIRA NUNES', 334, 'BOLACHA', 'RUA DALTRO FILHO 157', NULL, 84256185, 0, ''),
(133, 37, 52, 'JOSIANE GOMES DA ROCHA', 344, 'MEG', 'RUA DUQUE DE CAXIAS 681', NULL, 98361444, 0, ''),
(134, 28, 52, 'LOUCIVAL ARENA DE MATOS', 252, 'BELINHA', 'RS 118 N2075 CASA 5', NULL, 85168363, 94031888, ''),
(135, 38, 52, 'JULIO ANTONIO TODESCO', 441, 'BELLA', 'SAG. MARCO TELLES FERREIRA 29', NULL, 99919642, 97083009, ''),
(136, 8, 52, 'GIOVANE DA SILVA GATTINO', 412, 'RURICK', 'RUA PERO VAZ DE CAMINHA 382', NULL, 34854031, 96069982, ''),
(137, 8, 52, 'GIOVANE DA SILVA GATTINO', 412, 'KIARA', 'RUA PERO VAZ DE CAMINHA 382', NULL, 34854031, 96069982, ''),
(138, 32, 5, 'ELOIDE JORA BORGHARDT', 177, 'PEPEU', 'ESTRADA CAMINHO DO MEIO 2180', NULL, 81402297, 96980805, 'ROCHELEBDT@HOTMAIL.COM'),
(139, 22, 17, 'ANA PEIXOTO', 372, 'ESTRELINHA', 'RUA IDALINO DE OLIVEIRA 166', NULL, 99712636, 0, ''),
(140, 38, 17, 'ANA PEIXOTO', 372, 'YUKI', 'RUA IDALINO DE OLIVEIRA 166', NULL, 99712636, 0, ''),
(141, 37, 43, 'TAMIREZ GALV~AO DA SILVA PAIM', 320, 'LUDMILA', 'RUA BORGES DE MEDEIRO 80 AP 304 BLOCO B', NULL, 81888866, 33086941, 'TAMIREZPAIM@GMAIL.COM'),
(142, 33, 25, 'ODONIZETE AIRES DE SOUZA', 435, 'CAIO', 'RUA VEU DE NOIVA 19', NULL, 98248946, 99623390, ''),
(143, 33, 21, 'TIAGO RAFAEL HUBNER', 79, 'BILL', '', NULL, 81489686, 30563422, ''),
(144, 33, 21, 'TIAGO RAFAEL HUBNER', 79, 'TEDD', '', NULL, 81489686, 30563422, ''),
(145, 32, 10, 'GRAZIELE SANTOS DE OLIVEIRA', 179, 'DORA', 'ESTRADA DA CAPOROROCA 615', NULL, 97140403, 97148186, ''),
(146, 32, 57, 'ONIRA FRAGA', 57, 'DUKE', '', NULL, 85915670, 96565170, ''),
(147, 29, 52, 'SIMONE SILVA DE MOURA', 149, 'SNOOP', 'CLARESTINO DE ANDRADE 119', NULL, 96936210, 0, ''),
(148, 32, 57, 'NUBIA PIRES', 124, 'ANITA', 'Av. Jo~ao Fernando Krahe 295', NULL, 85191883, 99685667, 'NUUBIA.PIRES@GMAIL.COM'),
(149, 32, 12, 'ZAIDA DIOGO DA SILVA DIAS', 387, 'PUKA', 'RUA JULIETA PINTO CESAR 87 AP 704', NULL, 30541837, 96738503, ''),
(150, 12, 31, 'FABIANE CARVALHO AZAMBUJA', 400, 'MEG', 'RUA NOQUINHA DE OLIVEIRA 184', NULL, 93098822, 92280146, ''),
(151, 32, 51, 'LIS PEREIRA LEAL', 107, 'BILI', 'ALCEBIADES AZEREDO DOS SANTOS 1601 A5', NULL, 99125932, 0, ''),
(152, 32, 51, 'LIS PEREIRA LEAL', 107, 'LILI', 'ALCEBIADES AZEREDO DOS SANTOS 1601 A5', NULL, 99125932, 0, ''),
(153, 37, 35, 'ISABEL CRISTINA NEVES', 191, 'JHONNY', 'FONTOURA XAVIER 54', NULL, 85885237, 86074021, ''),
(154, 37, 37, 'RAFAEL MOREIRA SUSHI', 360, 'HOT', 'RUA GABRIEL SOARES DE SOUZA 67', NULL, 95403148, 0, ''),
(155, 29, 37, 'RAFAEL MOREIRA SUSHI', 360, 'HARUMAKI', 'RUA GABRIEL SOARES DE SOUZA 67', NULL, 95403148, 0, ''),
(156, 4, 5, 'DEIVID SARAIVA', 153, 'TOBY', 'COND TERRA NOVA  502 CASA 257', NULL, 98226776, 0, ''),
(157, 32, 5, 'DEIVID SARAIVA', 153, 'KINZE', 'COND TERRA NOVA  502 CASA 257', NULL, 98226776, 0, ''),
(158, 21, 12, 'DEDO', 101, 'MEG', 'ACORES 234', NULL, 97961078, 93341636, ''),
(159, 32, 47, 'AMANDA SILVA DOS SANTOS', 358, 'MAYLA', 'RUA FRANCISCO PINTO GUTTERES 10 11', NULL, 91022224, 92658790, 'AMANDA.SILVA.DOS.SANTOS@HOTMAIL.COM'),
(160, 7, 51, 'AMANDA BREUNIG', 297, 'SKIP', 'RUA ALCEBIADES AZEREDO DOS SANTOS 1569 A5', NULL, 98931307, 97393756, 'AMANDACBREUNIG@GMAIL.COM'),
(161, 32, 30, 'ANDREA  FRANCO  FOGAÇA DIAS', 120, 'JUSTIN', 'AV SEM SALGADO FILHO 9746 AP 101', NULL, 83008593, 97464624, 'DEIAFOGAÇA@GMAIL.COM'),
(162, 38, 16, 'RODRIGO PAINTBALL', 66, 'MEG', '', NULL, 93916840, 93916888, ''),
(163, 37, 3, 'LUCAS FONSECA', 45, 'MAZEMBI', '', NULL, 95519380, 0, ''),
(164, 29, 13, 'SANDRA CALISTO', 69, 'ANA', '', NULL, 99156886, 30546009, ''),
(165, 40, 12, 'PAULO ROBERTO PACHECO SARAIVA', 443, 'REI', 'SEM SALGADO FILHO 10170', NULL, 81150983, 99722640, ''),
(166, 28, 29, 'SIDNEI MARTIM  MIRANDA', 114, 'MEG', 'AV FIGUEIRA 1601', NULL, 94544257, 89043910, ''),
(167, 20, 9, 'CATY PEREIRA', 416, 'HANA', 'RUA PINUS 216 FASE 4', NULL, 34464942, 94240813, ''),
(168, 21, 9, 'CATY PEREIRA', 416, 'YOKO', 'RUA PINUS 216 FASE 4', NULL, 34464942, 94240813, ''),
(169, 21, 9, 'CATY PEREIRA', 416, 'CHADIZU', 'RUA PINUS 216 FASE 4', NULL, 34464942, 94240813, ''),
(170, 21, 9, 'CATY PEREIRA', 416, 'RACHA', 'RUA PINUS 216 FASE 4', NULL, 34464942, 94240813, ''),
(171, 37, 50, 'MICHELE LESCANO', 89, 'CHAW', ' RUA CASSIANO FEIJO DE FRAGA 341 PDA 47', NULL, 34935536, 85670021, ''),
(172, 29, 57, 'VITINHO LAVAGEM', 84, 'MADONA', '', NULL, 30452535, 0, ''),
(173, 29, 52, 'ANGELA BECO', 86, 'JULLY', ' BECO DO CASCUDO 461 BAR  ANGELA', NULL, 0, 0, ''),
(174, 29, 12, 'MARA TATUAGEM', 240, 'BELINHA', 'RAUL CABRAL DE MENEZES 103', NULL, 34463617, 0, ''),
(175, 37, 52, 'JULIETE  BECO', 131, 'PENELOPE', 'BECO DO CASCUDO 350', NULL, 0, 0, ''),
(176, 32, 12, 'RENATA DUTRA', 105, 'VIOLETA', 'AÇOUGUE', NULL, 0, 0, ''),
(177, 29, 52, 'BETE LOMBA', 200, 'SHERON', 'JOSE MARTINS', NULL, 0, 0, ''),
(178, 32, 51, 'EZEKIEL', 31, 'DUDA', '', NULL, 0, 0, ''),
(179, 37, 9, 'CAMBUIM CANTEGRILL', 324, 'BOB', 'RUA CAMBUIM 240 FASE 3', NULL, 0, 0, ''),
(180, 24, 9, 'CAMBUIM CANTEGRILL', 324, 'FOFUXO', 'RUA CAMBUIM 240 FASE 3', NULL, 0, 0, ''),
(181, 32, 8, 'MELISSA', 269, 'MEL', 'RUA  X18 BUENA VISTA', NULL, 84308284, 0, ''),
(182, 37, 5, 'ANDERSON', 8, 'MEG', '', NULL, 93985888, 0, ''),
(183, 21, 56, 'CAROL', 456, 'MAILE', 'TRAV.ESMERILDA DA SILVA GOULART 1610', NULL, 94390040, 0, ''),
(184, 38, 11, 'TAINA BEATRIZ DA SILVA SANTOS', 273, 'TUCO', 'RUA 11  No150  CASTELINHO', NULL, 94207470, 35765401, ''),
(185, 29, 50, 'MAFALDA', 446, 'NEGRINHA', 'SENADOR SALGADO FILHO 6429', NULL, 84847760, 0, ''),
(186, 18, 36, 'CAROLINA NILHO', 228, 'MEL', 'PARQUE DAS AGUAS', NULL, 82192165, 81667451, ''),
(187, 29, 9, 'ANDREA CABEDA', 410, 'MEG', 'RUA PAU BRASIL N 84', NULL, 91331515, 0, ''),
(188, 29, 9, 'ANDREA CABEDA', 410, 'TUTTY', 'RUA PAU BRASIL N 84', NULL, 91331515, 0, ''),
(189, 32, 16, 'PRISCILA  BRUSCH', 155, 'PEPA', 'CONDADO 148', NULL, 91653588, 91761470, ''),
(190, 29, 52, 'EZEKIEL GONSALVES', 139, 'RAMON', 'CANCIO GOMES 428', NULL, 80366343, 0, ''),
(191, 29, 52, 'EZEKIEL GONSALVES', 139, 'MALCON', 'CANCIO GOMES 428', NULL, 80366343, 0, ''),
(192, 29, 52, 'ANDERSON GUIDO', 251, 'CRISTAL', 'RS 118 N 1699', NULL, 0, 0, ''),
(193, 29, 52, 'VERA BECO', 186, 'PINK', 'FERNANDO ROCHA VIEIRA 484', NULL, 0, 0, ''),
(194, 32, 12, 'IVANI SILVA', 168, 'NICKY', 'DOM FELICIANO', NULL, 34858123, 85727985, ''),
(195, 37, 49, 'DEBORA', 393, 'TOBY', 'RUA MANE GARRINCHA, 200', NULL, 85149973, 80189694, ''),
(196, 32, 39, 'FELIPE DIAS MAIA', 436, 'LOLA', 'Rua Vigário da Província, 529', NULL, 99660022, 35766418, ''),
(197, 32, 39, 'FELIPE DIAS MAIA', 436, 'FRED', 'Rua Vigário da Província, 529', NULL, 99660022, 35766418, ''),
(198, 21, 35, 'STEFANI FRANCO', 333, 'BIDÚ', 'RUA D  RES.CASA GRANDE, 62 CASA 2', NULL, 80558487, 0, ''),
(199, 32, 52, 'ISABEL MACIEL', 254, 'MADRUGA', 'RS 118 No44', NULL, 34858265, 0, ''),
(200, 32, 52, 'ISABEL MACIEL', 254, 'BELA', 'RS 118 No44', NULL, 34858265, 0, ''),
(201, 20, 33, 'LUCAS LOPES', 427, 'BRADA', 'RUA S~AO JO~AO 72', NULL, 91905281, 0, ''),
(202, 32, 12, 'LAILA FERNANDES', 199, 'SNOOPY', 'JOSÉ GARIBALDI 4748', NULL, 95849039, 0, ''),
(203, 32, 51, 'RAISSA FRANCO', 451, 'MEG', 'SITIO S~AO JOSÉ', NULL, 97277718, 0, ''),
(204, 32, 51, 'RAISSA FRANCO', 451, 'SHEICK', 'SITIO S~AO JOSÉ', NULL, 97277718, 0, ''),
(205, 37, 54, 'JAQUELINE NEVES', 123, 'MANO', 'AV. FIGUEIRA 1193', NULL, 91177609, 0, ''),
(206, 37, 54, 'JAQUELINE NEVES', 123, 'ISA', 'AV. FIGUEIRA 1193', NULL, 91177609, 0, ''),
(207, 37, 54, 'JAQUELINE NEVES', 123, 'PRETA', 'AV. FIGUEIRA 1193', NULL, 91177609, 0, ''),
(208, 21, 52, 'RONALDO', 236, 'TEODORO', 'PONCIANO BITTENCURT No31', NULL, 93552829, 0, ''),
(209, 24, 52, 'CAMILA  MACHADO  FERREIRA', 157, 'WILLIE', 'CONDADO LOTE 195', NULL, 85539691, 92661949, 'CAMILAUSA@HOTMAIL.COM'),
(210, 29, 18, 'CRISTIANE VARGAS RODRIGUES', 193, 'CINDY', 'ILDO MENEGTH No85', NULL, 84516121, 84526122, 'CRIS_TIANEVARGAS@GLOBO.COM'),
(211, 38, 16, 'MARCELO CONDADO', 156, 'SPIKE', 'CONDADO LOTE 149', NULL, 93777221, 0, ''),
(212, 38, 53, 'VIRGINIA FERNANDES', 293, 'MAX', 'RUA ACESSO 12 CASA 8 ', NULL, 85976684, 84261964, ''),
(213, 4, 35, 'SILVIA FARIAS', 195, 'BLUSH', 'JOAO CARLOS VIALHO DIAS 802', NULL, 81348251, 0, ''),
(214, 29, 30, 'KATILENE MEDEIROS', 310, 'DORI', 'RUA ARTHUR AZEVEDO 465', NULL, 99264996, 34922919, ''),
(215, 32, 56, 'JULIANO OURIQUE', 178, 'LUNA', 'ESTRADA CAPITAO GENTIL MACHADO DE GODOY 4500', NULL, 92445588, 99718008, 'PUBLICITARIOPOA@GMAIL.COM'),
(216, 29, 1, 'FERNANDA ACOSTA', 292, 'LILI', 'RUA 8 N 15  ', NULL, 85048781, 82129794, ''),
(217, 4, 1, 'FERNANDA ACOSTA', 292, 'BELINHA', 'RUA 8 N 15  ', NULL, 85048781, 82129794, ''),
(218, 29, 18, 'SELOI COUTO', 288, 'MEL', 'RUA 3  N 410', NULL, 93713238, 95352083, ''),
(219, 38, 12, 'VIRGINIA ROSPIDE MIGON', 265, 'BOB', 'RUA  MARECHAL DEODORO 137 ', NULL, 0, 34851205, ''),
(220, 29, 12, 'PAULO CESAR MARQUES', 379, 'PEDRINHO', 'RUA JOSE GARIBALDE N 20', NULL, 96346647, 81930962, ''),
(221, 29, 57, 'MARA LULI', 48, 'LULI', '', NULL, 99328793, 0, ''),
(222, 32, 26, 'FRANCIELE LUA', 34, 'LUA', '', NULL, 92104161, 92425487, ''),
(223, 29, 44, 'ZETE', 388, 'BELEZINHA', 'RUA LAGOA AZUL, 25', NULL, 96614199, 0, ''),
(224, 11, 57, 'SANDRA', 330, 'URSO', 'RUA COLISEU 339', NULL, 34939366, 0, ''),
(225, 29, 18, 'ANA', 272, 'TITA', 'RUA 04, 159', NULL, 85307688, 0, ''),
(226, 29, 57, 'CESAR ACOSTA', 17, 'ANINHA', '', NULL, 82129794, 0, ''),
(227, 22, 12, 'TANIA KERSTING', 263, 'SUZI', 'RUA  JORGE CALIL FLORES 181 CASA 1', NULL, 81240352, 34852952, ''),
(228, 20, 12, 'TANIA KERSTING', 376, 'BRANCA', 'RUA JORGE CALIL FLORES 181 CASA 1', NULL, 81240352, 34852952, ''),
(229, 30, 12, 'TANIA KERSTING', 376, 'BENJAMIN', 'RUA JORGE CALIL FLORES 181 CASA 1', NULL, 81240352, 34852952, ''),
(230, 29, 51, 'MARIA KITT', 352, 'KITT', 'RUA FERNANDES BRAGA 19', NULL, 99555346, 81959904, ''),
(231, 37, 21, 'MARCOS', 142, 'TEXX', 'CARLOS CODEVILLA TAVARES ', NULL, 97366659, 0, ''),
(232, 19, 51, 'VANESSA FROES', 450, 'NALU', 'SITIO FROES', NULL, 84043443, 0, ''),
(233, 37, 51, 'VANESSA FROES', 450, 'BRITNEY', 'SITIO FROES', NULL, 84043443, 0, ''),
(234, 32, 51, 'ISABEL FROES', 448, 'PHEEB', 'SITIO FROES', NULL, 85074488, 0, ''),
(235, 13, 6, 'PAIN', 182, 'MAX', 'ESTRADA DOS CUNHA 3645', NULL, 33343645, 99126867, ''),
(236, 29, 54, 'MARLI', 140, 'LUCKY', 'CAPAO NOVO 53', NULL, 85062585, 0, ''),
(237, 29, 54, 'MARLI', 140, 'PIPOCA', 'CAPAO NOVO 53', NULL, 85062585, 0, ''),
(238, 37, 57, 'PEDRO', 63, 'MAJÚ', '', NULL, 98398973, 0, ''),
(239, 22, 20, 'JAMILE', 133, 'CATARINA', 'BECO DOS BANCARIOS 97', NULL, 95445781, 0, ''),
(240, 37, 52, 'ALINE', 341, 'FLOR', 'RUA DONA LUIZA 73', NULL, 85744895, 0, ''),
(241, 32, 52, 'ROBERTA', 413, 'LAYLA', 'RUA PERO VAZ DE CAMINHA 412', NULL, 91960457, 0, ''),
(242, 29, 52, 'ALEXIA ROLLAND', 196, 'FIONA', 'JOAO CARLOS VIALLES DIAS 1885', NULL, 95457818, 0, ''),
(243, 37, 28, 'CAUANA', 95, 'TIGRONA', '15 DE NOVEMBRO 235', NULL, 85187897, 34859654, ''),
(244, 40, 57, 'LINEA', 42, 'MORENA', '', NULL, 34850447, 0, ''),
(245, 29, 21, 'ROSA', 207, 'NINA', 'JULITO CURTZ No13', NULL, 80568500, 0, ''),
(246, 29, 21, 'ROSA', 207, 'MEL', 'JULITO CURTZ No13', NULL, 80568500, 0, ''),
(247, 37, 32, 'JESSICA', 281, 'NEGAO', 'RUA 20 DE STEMBRO No72', NULL, 34857277, 84254570, ''),
(248, 29, 32, 'JESSICA', 281, 'SPIKE', 'RUA 20 DE STEMBRO No72', NULL, 34857277, 84254570, ''),
(249, 29, 12, 'IRIA VIEIRA', 455, 'LAISA', 'TEREZA  CICA NUNES 368', NULL, 93353759, 0, ''),
(250, 5, 12, 'IRIA VIEIRA', 455, 'OGRO', 'TEREZA  CICA NUNES 368', NULL, 93353759, 0, ''),
(251, 32, 52, 'CRIS MODAS', 185, 'JAKE', 'FERNANDO ROCHA VIEIRA', NULL, 92881209, 0, ''),
(252, 32, 52, 'CARINA GARCIA', 385, 'FLOR', 'RUA JOSE MARTINS 956', NULL, 95881674, 0, ''),
(253, 5, 12, 'CRISTINA LIMA DE ALMEIDA', 112, 'MEL', 'AV BENTO GONCALVES 1013 BLOCO B AP706', NULL, 81691399, 96109066, ''),
(254, 37, 52, 'DORIS DOS SANTOS WOLFF', 189, 'PEQUENA', 'FLODOALDO DE SOUZA FEIJO 827', NULL, 34851497, 84646316, ''),
(255, 32, 51, 'JEREMIAS LIMA', 106, 'FREDERICO', 'ALCEBIADES AZEREDO DOS SANTOS 1561 B03', NULL, 34466918, 98699178, ''),
(256, 22, 57, 'ALINE DECORAÇAO', 5, 'SNOOP', '', '', 30451521, 97700922, ''),
(257, 32, 3, 'ILDO DIAS ', 424, 'JACK', 'RUA RS 040 KM 20 Pda 72 No SN', NULL, 93576981, 85820510, ''),
(258, 24, 30, 'LUIZA MUNHOS DE FREITAS', 91, 'BILLI', ' RUA PADRE DIOGO DE BORBA 255', NULL, 30336658, 94503141, ''),
(259, 18, 52, 'IZAMARA GONCALVES', 180, 'FRAJOLINHA', 'ESTRADA DO MALACARA 60', NULL, 96783809, 0, ''),
(260, 37, 52, 'RUDINEI RIBEIRO ROCHA', 137, 'BELINHA', 'BENTO GONSALVES 2149 ', NULL, 34441156, 84570552, ''),
(261, 37, 52, 'SIMONE WENNESHEINIER', 173, 'PUKA', 'ERNESTO DA FONTOURO 605', NULL, 34853932, 99969541, ''),
(262, 32, 50, 'JESSICA SILVA DOS SANTOS', 444, 'YULA', 'SEM. SALGADO FILHO  No6305 Pda 47  ', NULL, 92438188, 988867026, ''),
(263, 32, 56, 'CARLINE', 404, 'SHEICK', 'RUA PADRE ALBINO ROWER 903', NULL, 85462566, 0, ''),
(264, 37, 52, 'LUCIA', 253, 'THOR', 'RS 118 No2148 AO LADO DA AGROPECUARIA', NULL, 30458391, 94252077, ''),
(265, 17, 52, 'LUCIA', 253, 'RAITA', 'RS 118 No2148 AO LADO DA AGROPECUARIA', NULL, 30458391, 94252077, ''),
(266, 28, 21, 'CLAUDEMIR QUERUBIM', 277, 'EMMY', 'RUA 2 DE NOVEMBRO 755', NULL, 34469602, 93439370, ''),
(267, 38, 12, 'ANA CLAUDIA PEREIRA NUNES', 100, 'XUXA', 'ACORES 217', NULL, 34854286, 96313220, ''),
(268, 38, 17, 'IVANI SILVA', 418, 'FREDD', 'RUA PONÇALINO CARDOSO DA SILVA 128', NULL, 34858123, 85797285, ''),
(269, 22, 9, 'MARCIA MERCALI', 109, 'BANGUELA', 'ANGELIN No14 FASE 3', NULL, 92665405, 99915499, ''),
(270, 33, 12, '  ALLINE GISELE GOMES DOS ANJOS', 224, 'VIDDA', 'MARLENE DE MATOS 75', NULL, 80402729, 34853128, ''),
(271, 32, 52, 'ALEXANDRE CARDOSO DA SILVA', 171, 'BEBE', 'ERICO VERRISIMO 199', NULL, 99531009, 81778644, ''),
(272, 29, 9, 'JAQUELINE DOS ANJOS', 364, 'ZIZA', 'RUA GRAPIA 96 FASE 4', NULL, 34853480, 91961745, ''),
(273, 37, 21, 'Dr.AMANDA', 129, 'ALMOFADA', 'BAR DA DEISE', NULL, 34858176, 81041559, ''),
(274, 37, 21, 'Dr.AMANDA', 129, 'AMARELA', 'BAR DA DEISE', NULL, 34858176, 81041559, ''),
(275, 38, 52, 'ANA PAULA SUTEL', 103, 'BETINA', 'ACORES 762(GERIATRIA VO LUIS)', NULL, 30542336, 98687559, ''),
(276, 37, 57, 'JOAO MANOEL FLORES', 150, 'ATENA', 'COLISEU 429', NULL, 34342955, 98671010, ''),
(277, 29, 57, 'JOAO MANOEL FLORES', 150, 'BOLOTA', 'COLISEU 429', NULL, 34342955, 98671010, ''),
(278, 29, 57, 'JOAO MANOEL FLORES', 150, 'NESCAU', 'COLISEU 429', NULL, 34342955, 98671010, ''),
(279, 29, 13, 'ANA PAULA PROF', 373, 'PETER', 'RUA IJUI 06', NULL, 30452726, 85097646, ''),
(280, 32, 12, 'GISLENE GOMES', 342, 'FREDERICO', 'RUA DOS OPERARIOS 93', NULL, 97808294, 30548294, ''),
(281, 8, 12, 'GISLENE GOMES', 342, 'TIQUINHA', 'RUA DOS OPERARIOS 93', NULL, 97808294, 30548294, ''),
(282, 37, 12, 'GISLENE GOMES', 342, 'DELLIS', 'RUA DOS OPERARIOS 93', NULL, 97808294, 30548294, ''),
(283, 7, 12, 'GISLENE GOMES', 342, 'XINOCA', 'RUA DOS OPERARIOS 93', NULL, 97808294, 30548294, ''),
(284, 37, 12, 'GISLENE GOMES', 342, 'XUXA', 'RUA DOS OPERARIOS 93', NULL, 97808294, 30548294, ''),
(285, 37, 52, 'DR. AMELIA', 99, 'JO', 'ACORES 1391', NULL, 99697335, 34852260, ''),
(286, 37, 52, 'DR. AMELIA', 99, 'PITUXA', 'ACORES 1391', NULL, 99697335, 34852260, ''),
(287, 29, 52, 'MARCIO GAS', 50, 'JACK', '', NULL, 34858789, 0, ''),
(288, 38, 27, 'GABRIELA BARCELOS', 108, 'LILI', 'ALMEIDA ROSA 302', NULL, 98831787, 96080456, ''),
(289, 32, 12, 'ANA CLAUDIA PEREIRA NUNES', 100, 'MINNIE', 'ACORES 217', NULL, 34854286, 0, ''),
(290, 32, 12, 'ANA CLAUDIA PEREIRA NUNES', 100, 'NINA', 'ACORES 217', NULL, 34854286, 0, ''),
(291, 32, 12, 'ANA CLAUDIA PEREIRA NUNES', 100, 'POLI', 'ACORES 217', NULL, 34854286, 0, ''),
(292, 10, 12, 'ANA CLAUDIA PEREIRA NUNES', 100, 'LOLA', 'ACORES 217', NULL, 34854286, 0, ''),
(293, 30, 12, 'ANA CLAUDIA PEREIRA NUNES', 100, 'LUNA', 'ACORES 217', NULL, 34854286, 0, ''),
(294, 32, 43, 'GISELE RODRIGUES', 234, 'ZIGG', 'Pda. 52 RUA MOSTARDEIRO 62', NULL, 80424254, 94187535, ''),
(295, 29, 12, 'TANIA  LUMERS', 209, 'NINA', 'LOJA DE LAMPADAS NA FRENTE DO BIANCHI', NULL, 30458550, 0, ''),
(296, 32, 56, 'CARLINE', 405, 'PRINCESA', 'RUA PADRE ALBINO RUBER 903', NULL, 85462566, 0, ''),
(297, 22, 12, 'MANOEL  EDMILSON', 259, 'BEILE', 'RUA  ERICO VERRISIMO 634', NULL, 30542776, 0, ''),
(298, 37, 25, 'INDIARA OLIVEIRA', 365, 'PAÇOKA', 'RUA GRAVINA No45', NULL, 84848689, 34927012, ''),
(299, 19, 25, 'NEKO', 303, 'TEODORO', 'RUA AMOR DO CAMPO No51', NULL, 0, 0, ''),
(300, 37, 12, 'IARA GONÇALVES', 375, 'PRETINHA', 'RUA ISABEL BASTOS 580', NULL, 34853309, 97240451, ''),
(301, 32, 57, 'BRUNA', 11, 'BELINHA', '', NULL, 99452816, 0, ''),
(302, 20, 57, 'PAIN HOTELARIA', 59, 'KIRA', '', NULL, 0, 0, ''),
(303, 32, 54, 'ROBERTA ELSENBACH', 426, 'RAFAELO', 'RUA S, 86', NULL, 95405060, 0, ''),
(304, 21, 30, 'NUBIA', 194, 'PANTUFA', 'JARDIM LISBOA 1200', NULL, 84107171, 99187771, ''),
(305, 37, 19, 'EDILENE', 175, 'PITI', 'ESTANCIA GRANDE 140', NULL, 98198629, 0, ''),
(306, 32, 52, 'ALYNE SALATTI ESCOBAR', 381, 'CHARLOTE', 'RUA JOSE GARIBALDI 665', NULL, 30456516, 93899999, 'ALYNESALATTI@GMAIL.COM.BR'),
(307, 38, 44, 'SIRLEI CARRER', 390, 'SLASH', 'RUA LAGOA MIRIM No96', NULL, 84047817, 31299236, ''),
(308, 38, 24, 'TAINA ELISA BOMFIN DA SILVA', 367, 'MEL', 'RUA GUSTAVO ALDOLFO ALBRESH No99', NULL, 80173441, 80493441, ''),
(309, 29, 24, 'ELAINE ESTALAGEM', 87, 'HULK', ' RUA 28 ESTALAGEM', NULL, 34929864, 0, ''),
(310, 29, 24, 'ELAINE ESTALAGEM', 284, 'BETOWEN', 'RUA 28 ESTALAGEM', NULL, 34929864, 0, ''),
(311, 29, 24, 'ELAINE ESTALAGEM', 284, 'BE', 'RUA 28 ESTALAGEM', NULL, 34929864, 0, ''),
(312, 32, 27, 'CARLA BORGES SANTOS', 125, 'TEDD', 'AV. SALGADO FILHO 9495 CASA 13(COND MAYAS)', NULL, 34852650, 80200999, 'CARLABORGESS@GMAIL.COM'),
(313, 15, 2, 'JAQUELINE BITTENCURT', 301, 'MAIA', 'RUA ALCIDES MAIA 357', NULL, 84473501, 84473479, ''),
(314, 29, 52, 'CARMEM STEMCOSKI', 343, 'MEG', 'RUA DUQUE DE CAXIAS 660', NULL, 34441289, 99984748, ''),
(315, 38, 43, 'KETLIM BARBOSA DA CRUZ', 326, 'DJAKE', 'RUA CANTEGRILL 414', NULL, 85000622, 85223220, ''),
(316, 38, 43, 'KETLIM BARBOSA DA CRUZ', 326, 'BELA', 'RUA CANTEGRILL 414', NULL, 85000622, 85223220, ''),
(317, 40, 57, 'CAROLINA GUELLER', 16, 'BELINHA', '', NULL, 98313312, 34853927, ''),
(318, 29, 17, 'ANA CLAUDIA WEBER', 371, 'LOST', 'RUA IDALINO  F.DE OLIVEIRA 260', NULL, 92780302, 93153595, ''),
(319, 32, 16, 'NEIVA REMIAO', 219, 'LUNA', 'LOTE 86 CONDADO', NULL, 99832427, 0, ''),
(320, 38, 35, 'LIARA MILCZAREK', 399, 'CHICO', 'RUA MOSTARDA No 19', NULL, 84141518, 97883130, ''),
(321, 38, 35, 'LIARA MILCZAREK', 399, 'BELINHA', 'RUA MOSTARDA No 19', NULL, 84141518, 97883130, ''),
(322, 37, 48, 'Dr LEONITA', 407, 'NUCHA', 'RUA PAISSANDU No 235', NULL, 34851137, 0, ''),
(323, 37, 48, 'Dr LEONITA', 407, 'MEG', 'RUA PAISSANDU No 235', NULL, 34851137, 0, ''),
(324, 37, 48, 'Dr LEONITA', 407, 'LISI', 'RUA PAISSANDU No 235', NULL, 34851137, 0, ''),
(325, 37, 2, 'VERA LUCIA ESMOLARK FORTES', 300, 'BOB', 'RUA ALCIDES MAIA 215', NULL, 84529838, 34850455, ''),
(326, 29, 12, 'MAURICIO GUTTERRES', 332, 'BELINHA', 'RUA CRESCENCIO DE ANDRADES 48', NULL, 93936044, 34851951, ''),
(327, 32, 52, 'DAIANE DOS SANTOS OLIVEIRA', 328, 'BARTH', 'RUA CLARESTINO DE ANDRADE 462', NULL, 97143323, 84953914, 'DAIANE.SO@TERRA.COM.BR'),
(328, 32, 25, 'MILENE MALINOWSKE', 457, 'SLASH', 'TRAVESSA BERTOLIM 50', NULL, 82256656, 34853807, 'DISTRIBUIDORAMD@OUTLOOK.COM'),
(329, 38, 8, 'VANESSA VIVES', 408, 'GNAZU', 'RUA PARDAL N291  LOTE V24', NULL, 93238682, 93543470, ''),
(330, 32, 57, 'ADRIANA', 2, 'PITY', '', NULL, 80601023, 0, ''),
(331, 32, 57, 'LUANA', 44, 'SUSI', '', NULL, 85376664, 85533543, ''),
(332, 38, 57, 'AMAURI', 7, 'GODINES', '', NULL, 97699759, 96408665, ''),
(333, 12, 15, 'GUIOMAR', 289, 'LUNA', 'RUA 6 No68  COND BRAGANÇA /RS040', NULL, 34938474, 0, ''),
(334, 37, 25, 'LILIAN EVELISE  MACHADO', 363, 'FUZILICA', 'RUA GIRASOL No95', NULL, 34939804, 84023597, 'LILIANDAETA@GMAIL.COM'),
(335, 21, 57, 'EVERTON BAIANO', 30, 'SOL', '', NULL, 94265630, 0, ''),
(336, 29, 57, 'PAULO', 62, 'TOB', '', NULL, 34340229, 0, ''),
(337, 13, 57, 'GENO', 35, 'PINK', '', NULL, 34984025, 96974715, ''),
(338, 33, 12, 'MARLI SILVEIRA', 261, 'NINA', 'RUA  GENERAL CAMARA 170 AP 102', NULL, 98981186, 30458355, ''),
(339, 37, 26, 'VICTORIA', 113, 'ISA', 'AV DAS PALMEIRAS 162', NULL, 81980125, 0, ''),
(340, 8, 14, 'FLAVIA', 346, 'SOMALIA', 'RUA E No11', NULL, 93236061, 0, ''),
(341, 37, 14, 'FLAVIA', 346, 'LOLI', 'RUA E No11', NULL, 93236061, 0, ''),
(342, 40, 24, 'JOAO PAULO', 169, 'TOB', 'EMILIA FABRICIO PACHECO No83', NULL, 0, 0, ''),
(343, 12, 52, 'RITA', 428, 'CHOKITO', 'RUA S~AO JOAO No85', NULL, 30461541, 0, ''),
(344, 21, 30, 'NORMA FRANCO', 311, 'THEO', 'RUA AV SENADOR SALGADO FILHO 9483 CASA 23', NULL, 34851256, 94684482, ''),
(345, 29, 57, 'MAE DO  THEBICOS', 46, 'BILL', '', NULL, 34353695, 0, ''),
(346, 37, 26, 'SHIRLEI', 335, 'MEG', 'RUA DAS AZALEIAS No166 CASA 2', NULL, 97695720, 0, ''),
(347, 37, 26, 'SHIRLEI', 335, 'PINK', 'RUA DAS AZALEIAS No166 CASA 2', NULL, 97695720, 0, ''),
(348, 40, 26, 'SHIRLEI', 440, 'CACAU', 'RUAS DAS AZALEIAS No166 CASA 2', NULL, 97695720, 0, ''),
(349, 37, 16, 'CLAUDIA ', 210, 'JANET', 'LOTE 123 CONDADO', NULL, 93235205, 0, ''),
(350, 24, 57, 'DONA DO BILLI', 24, 'BILLI', '', NULL, 99929005, 0, ''),
(351, 21, 35, 'ROSAURA TERMANN', 67, 'BEKA', '', NULL, 93434890, 92724474, ''),
(352, 33, 35, 'ROSAURA TERMANN', 67, 'ISHA', '', NULL, 93434890, 92724474, ''),
(353, 33, 35, 'ROSAURA TERMANN', 67, 'THEO', '', NULL, 93434890, 92724474, ''),
(354, 15, 16, 'SIRCE', 216, 'JUJUBA', 'LOTE 31 CONDADO', NULL, 30543423, 0, ''),
(355, 32, 12, 'ISABEL SAL~AO DE BELEZA', 38, 'JADE', '', NULL, 98173393, 0, ''),
(356, 32, 12, 'ISABEL SAL~AO DE BELEZA', 38, 'MEG', '', NULL, 98173393, 0, ''),
(357, 32, 12, 'ISABEL SAL~AO DE BELEZA', 38, 'HANNA', '', NULL, 98173393, 0, ''),
(358, 37, 21, 'ENILDA MAE DA CAROL', 29, 'LADY', '', NULL, 96196190, 0, ''),
(359, 29, 51, 'DANIELA BITTENCURT VIERA', 421, 'PRETA', 'RUA PRESIDENTE CASTELO BRANCO 920', NULL, 99384499, 85543798, ''),
(360, 29, 57, 'SITIO TIA PEDRO', 73, '3 POODLE', '', NULL, 0, 0, ''),
(361, 12, 46, 'ANA MAE DA BARBARA', 394, 'AMELIA', 'RUA MANOEL NEVES FILHO No304 Pda39', NULL, 34463098, 0, ''),
(362, 12, 46, 'ANA MAE DA BARBARA', 394, 'MEL', 'RUA MANOEL NEVES FILHO No304 Pda39', NULL, 34463098, 0, ''),
(363, 29, 52, 'VANESSA', 313, 'BELINHA', 'RUA BECO DA ALEGRIA No64', NULL, 85229022, 0, ''),
(364, 29, 52, 'VANESSA', 313, 'SNOOP', 'RUA BECO DA ALEGRIA No64', NULL, 85229022, 0, ''),
(365, 29, 12, 'DENISE FERREIRA', 104, 'ZIGGY', 'ACORES No 358', NULL, 0, 0, ''),
(366, 21, 57, 'PATRICIA OLIVEIRA', 60, 'LUPITA', '', NULL, 81978508, 99938121, ''),
(367, 38, 12, 'MICHELLE GALVAO DA SILVA', 90, 'OLIVIA', ' RUA FRANCISCO VAZ FERREIRA FILHO 171 AP 02', NULL, 98803585, 98803576, 'MICHELESCORREA@GMAIL.COM'),
(368, 28, 34, 'PATRICIA TOLEDO DE SOUZA', 374, 'TOMM', 'RUA IRANI No529 Pda42', NULL, 99710236, 99925032, ''),
(369, 32, 53, 'JUCELI', 247, 'ODDY', 'RS 040 No11688 ', NULL, 34934646, 0, ''),
(370, 12, 51, 'INES INHAIA', 419, 'BEBE', 'RUA PRESIDENTE CASTELO BRANCO 470', NULL, 99533279, 0, ''),
(371, 12, 12, 'AMAURI TINTAS', 144, 'PIPOCA', 'CASA 9 COND ATRAZ DO NACIONAL', NULL, 92818783, 0, ''),
(372, 16, 52, 'VIVIAN FRAGA', 396, 'TOBB', 'RUA MARCOS HENRIQUE TELLES FERREIRA No301', NULL, 34856399, 98844854, ''),
(373, 29, 52, 'VIVIAN FRAGA', 396, 'SNOOP', 'RUA MARCOS HENRIQUE TELLES FERREIRA No301', NULL, 34856399, 98844854, ''),
(374, 32, 26, 'PATRICIA MAYER', 116, 'BARTH', 'AV IPES AMARELOS No160 CASA 5', NULL, 91495412, 0, ''),
(375, 32, 26, 'PATRICIA MAYER', 115, 'SLASH', 'AV IPE AMARELOS No 160 CASA 5', NULL, 91495412, 0, ''),
(376, 33, 57, 'ELIANE', 197, 'XURUPITA', 'JOSE GARIBALDE  No40', NULL, 98485484, 0, ''),
(377, 32, 38, 'VERIDIANA PACHECO', 235, 'BOMBOM', 'PEDRO MOACIR CORDEIRO 815', NULL, 97656642, 96799415, ''),
(378, 30, 12, 'VERENA SANTOS DA COSTA', 377, 'SOFIA', 'RUA JORGE KALIL FLORES 260', NULL, 97161759, 34858092, ''),
(379, 37, 35, 'SILVIA FARIAS', 195, 'BELINHA', 'JOAO CARLOS VIALHO DIAS 802', NULL, 81348251, 0, ''),
(380, 12, 21, '  GUSTAVO FIGUEIRO', 226, 'FREDD', 'OLAVO MIRANDA DE FIGUEREDO 104', NULL, 0, 0, ''),
(381, 21, 21, 'VIRGINIA ARAUJO PEREIRA', 321, 'MARLEY', 'RUA CABRAL DE MENEZES N 608', NULL, 98816591, 30542017, ''),
(382, 11, 4, 'THAIS LOPES FERNANDES', 121, 'MEG', 'AV WALTER JOBIM 890', NULL, 94675885, 85466368, ''),
(383, 29, 17, 'AMANDA ARGENTON DA SILVA', 353, 'MEG', 'RUA FERNANDO DE ANDRADE PRATES 307', NULL, 85914331, 85146939, 'AMANDA_ARGENTON@IBEST.COM.BR'),
(384, 32, 57, 'GISELE ', 36, 'FREDD', '', NULL, 91846742, 30454026, ''),
(385, 37, 12, 'CIONARA NASCIMENTO', 378, 'DRIKA', 'RUA JOSE GARIBALDE 1190', NULL, 34858658, 97493517, ''),
(386, 29, 52, 'JAQUELINE DA SILVEIRA GOMES', 411, 'XARA', 'RUA PERO VAZ DE CAMINHA 379', NULL, 99155844, 97747275, ''),
(387, 29, 21, 'JOCELIA MARIA DE SIQUEIRA', 401, 'NICOLAS', 'RUA OLAVO MIRANDA DE FIGUEIREDO', NULL, 85875161, 0, ''),
(388, 38, 52, 'SABRINA RIBEIRO PACHECO', 359, 'BARTH', 'RUA FRANKLIN NUNES 80', NULL, 99547684, 93584075, ''),
(389, 27, 12, 'NATALIA VEIGA', 318, 'BARAO', 'RUA BENTO GONSALVES 962  AP 203', NULL, 99751805, 30451805, ''),
(390, 18, 57, 'SANDRA HOTEL', 70, 'BRAHMA', '', NULL, 98077890, 0, ''),
(391, 18, 57, 'SANDRA HOTEL', 70, 'CHOPP', '', NULL, 98077890, 0, ''),
(392, 32, 57, 'MARCIA', 49, 'BELINHA', '', NULL, 80432554, 0, ''),
(393, 29, 50, 'ROBERTO LOGARAY', 348, 'VIDA', 'RUA ESTRELA DALVA 118 ', NULL, 81158619, 95851049, ''),
(394, 32, 49, 'JAQUELINE', 368, 'BORIS', 'RUA H  198', NULL, 96464320, 0, ''),
(395, 21, 57, 'MARIANE BOBIK', 51, 'LUMA', '', NULL, 34852293, 97726635, ''),
(396, 32, 52, 'RODRIGO CAMARGO ORIQUES', 433, 'CHARLOTE', 'RUA TRAVESSA S~AO JOAQUIM  40', NULL, 34851643, 82302289, ''),
(397, 29, 57, 'CARMEM LUCIA', 15, 'ROCK', '', NULL, 34853031, 0, ''),
(398, 32, 12, 'GIOVANI FRAGA', 135, 'TEDDY', 'BENTO GONSALVES 1178', NULL, 85116922, 85480832, ''),
(399, 24, 57, 'CAMILA', 13, 'WILLIE', '', NULL, 85539691, 30454659, ''),
(400, 29, 21, 'DENISE LUCAS', 431, 'LULI', 'RUA TEM MARIO TELLES FERREIRA 656', NULL, 96005974, 0, ''),
(401, 32, 23, 'MARCIA HOFFMAN', 386, 'BELINHA', 'RUA JOSE SALDANHA 164', NULL, 80432554, 97133279, ''),
(402, 38, 53, 'PAULO FIGUEIREDO (FLORES)', 88, 'MAX', ' RUA ACESSO 12 CASA 8', NULL, 84261964, 85976684, ''),
(403, 29, 16, 'MARTA CARVALHO DA SILVA', 212, 'FOFA', 'LOTE 156', NULL, 81898738, 30451803, ''),
(404, 29, 57, 'MARLI DUTRA DA ROSA', 54, 'LEO', '', NULL, 91065176, 34858524, ''),
(405, 37, 57, 'TIARLES', 80, 'TOMM', '', NULL, 99354200, 0, ''),
(406, 32, 35, 'CRISTIANE SILVA MARTINS', 350, 'SOFIA', 'RUA FAXINAL DO SOTURNO 163', NULL, 85806488, 85405727, ''),
(407, 21, 17, 'TANIUS', 355, 'FREDD', 'RUA FERNANDO DE ANDRADES PRATES N 171', NULL, 93455867, 93323744, ''),
(408, 38, 57, 'DAIANA', 19, 'LOLA', '', NULL, 84271910, 0, ''),
(409, 32, 57, 'ANINHA', 9, 'TEDDY', '', NULL, 91084554, 92780302, ''),
(410, 37, 57, 'TATIANE', 75, 'PIPOCA', '', NULL, 85297909, 85314969, ''),
(411, 32, 52, 'DEBORA PEDROSO DA LUZ', 395, 'LUCKY', 'RUA MARCOS HENRIQUE TELLES FERREIRA No193', NULL, 30453107, 95025959, ''),
(412, 37, 52, 'JULIANA PRADO ROSA', 267, 'LUCKY', 'RUA  PADRE HILDEBRANDO PEDROSO 144', NULL, 34858505, 99621417, ''),
(413, 36, 52, 'RICARDO MACHADO', 414, 'TOBBY', 'RUA PERO VAZ DE CAMINHA 82', NULL, 86456553, 0, ''),
(414, 29, 52, 'JOCELAINE MARQUES DA ROSA', 268, 'PRINCESA', 'RUA  S~AO CRISTOVAO 05', NULL, 99494959, 30457563, ''),
(415, 37, 21, 'FERNANDA', 190, 'MARIA', 'FLODOALDO DE SOUZA FEIJO 849', NULL, 99580794, 0, ''),
(416, 37, 21, 'FERNANDA', 190, 'ALFREDO', 'FLODOALDO DE SOUZA FEIJO 849', NULL, 99580794, 0, ''),
(417, 38, 12, 'CAMILLA ARAUJO ASSAD', 172, 'TITAN', 'ERICO VERRISIMO 286', '', 97177915, 96667332, ''),
(418, 4, 12, 'CAMILLA ARAUJO ASSAD', 172, 'AGATHA*', 'ERICO VERRISIMO 286', '', 97177915, 96667332, ''),
(419, 37, 12, 'CAMILLA ARAUJO ASSAD', 172, 'CHARLIE BROW', 'ERICO VERRISIMO 286', '', 97177915, 96667332, ''),
(420, 37, 12, 'CAMILLA ARAUJO ASSAD', 172, 'PENNY', 'ERICO VERRISIMO 286', '', 97177915, 96667332, ''),
(421, 29, 49, 'BRUNA', 94, 'MILA', ' RUA VISTA ALEGRE 97', NULL, 98709697, 0, ''),
(422, 32, 18, 'RITA', 291, 'LORENZO', 'RUA 8 ESTALAGEM', NULL, 35765438, 0, ''),
(423, 37, 25, 'CLEIZER', 309, 'LIA', 'RUA ARAUCARIA  No468', NULL, 84717288, 0, ''),
(424, 32, 30, 'TEREZA DIAS', 319, 'BELINHA', 'RUA BORGES DA FONSECA No35', NULL, 34851808, 0, ''),
(425, 38, 57, 'PAULINHA  DO IVO', 61, 'DIMI', '', NULL, 96900529, 0, ''),
(426, 38, 57, 'PAULINHA  DO IVO', 61, 'THEO', '', NULL, 96900529, 0, ''),
(427, 32, 21, 'JULIANA SANTOS DE SOUZA', 141, 'SNOOP', 'CAPIT~AO ERMOGENES COELHO 66', NULL, 81955061, 0, ''),
(428, 18, 12, 'GISELE JAEGER', 148, 'AKIRA', 'CIR VAZ FERREIRA 145', NULL, 96108227, 0, ''),
(429, 32, 57, 'CRISTIANE ', 18, 'BOB', '', NULL, 97672766, 0, ''),
(430, 32, 57, 'CRISTIANE', 18, 'FREDD', '', NULL, 97672766, 0, ''),
(431, 32, 57, 'BATISTA', 10, 'MEL', '', NULL, 96884487, 0, ''),
(432, 32, 18, 'DEISE ', 278, 'PRETINHA', 'RUA 2 N51 ESTALAGEM', NULL, 0, 0, ''),
(433, 37, 25, 'CLAUDIA', 366, 'BRAKE', 'RUA GRAVINA No75', NULL, 34934797, 0, ''),
(434, 32, 12, 'ANDREA MORAES DOS SANTOS', 111, 'KIKO', 'AV  CORONEL MARCO DE ANDRADE 176 AP 14 GL. ZAVARIZE', NULL, 92155167, 92119873, ''),
(435, 32, 20, 'BRUNA SHAIANE', 244, 'BELINHA', 'ROD ACRISIO PRATES 250', NULL, 99452816, 0, ''),
(436, 11, 32, 'THOR CHOWCHOW', 296, 'THOR', 'RUA ALCANTRA MACHADO No55 ', NULL, 86352552, 0, ''),
(437, 20, 57, 'EDUARDO', 26, 'BRUCK', '', NULL, 81864104, 3493, ''),
(438, 24, 37, 'RENATA LUISAURA MORAES DA COSTA', 302, 'PINK', 'RUA ALFERES ANOTONIO DA FONTOURA No 92', NULL, 98598954, 96174268, ''),
(439, 29, 21, 'TAMARA', 336, 'BELINHA', 'RUA DEMETRIO RIBEIRO 58', NULL, 34858468, 0, ''),
(440, 38, 21, 'TAMARA', 336, 'IVI', 'RUA DEMETRIO RIBEIRO 58', NULL, 34858468, 0, ''),
(441, 12, 12, 'RITA BEATRIZ RIGOTTI BERNARDO', 380, 'CHIQUINHA', 'RUA JOSE GARIBALDI 520 ', NULL, 95171277, 30467620, ''),
(442, 38, 21, 'EVA MATILDE', 402, 'NINA', 'RUA OLAVO MIRANDA DE FIGUEIREDO No395', NULL, 96127414, 98203865, ''),
(443, 19, 8, 'ALVARO ROGERIO PERREIRA LENZ', 152, 'ROMER', 'COND LOTE T 17', NULL, 99919262, 99912929, ''),
(444, 40, 52, 'IGOR LIMA', 425, 'MEG', 'RUA RS118 No1950', NULL, 97574921, 30457756, ''),
(445, 29, 52, 'ANDRESSA PEREIRA', 325, 'GUGA', 'RUA CANCIO GOMES No 250', NULL, 80395336, 0, ''),
(446, 37, 52, 'MARIA LUCIA SERRANO ELIAS', 305, 'GURIAZINHA', 'RUA ANTONIA DE FRAGA RAMOS 231', NULL, 99662003, 34924057, ''),
(447, 37, 52, 'MARIA LUCIA SERRANO ELIAS', 305, 'DOGAO', 'RUA ANTONIA DE FRAGA RAMOS 231', NULL, 99662003, 34924057, ''),
(448, 37, 52, 'MARIA LUCIA SERRANO ELIAS', 305, 'BOLA', 'RUA ANTONIA DE FRAGA RAMOS 231', NULL, 99662003, 34924057, ''),
(449, 37, 52, 'MARIA LUCIA SERRANO ELIAS', 305, 'BOLINHA', 'RUA ANTONIA DE FRAGA RAMOS 231', NULL, 99662003, 34924057, ''),
(450, 23, 52, 'MARIA LUCIA SERRANO ELIAS', 305, 'BERNARDO', 'RUA ANTONIA DE FRAGA RAMOS 231', NULL, 99662003, 34924057, ''),
(451, 19, 23, 'TIAGO', 307, 'NINA', 'RUA ANTONIO PEREIRA CORUJA 56', NULL, 99220413, 0, ''),
(452, 32, 56, 'CARLOS', 92, 'SCOTT', ' RUA PONCIANO DA SILVA 202', NULL, 0, 0, ''),
(453, 32, 49, 'GILMAR TELLES', 392, 'NANINHA', 'RUA MANE GARRINCHA 160', NULL, 96682499, 85877723, ''),
(454, 24, 57, 'IGREJA ASSEMBLEIA', 37, 'BELA', '', NULL, 0, 0, ''),
(455, 24, 57, 'IGREJA ASSEMBLEIA', 37, 'ANINHA', '', NULL, 0, 0, ''),
(456, 29, 57, 'NAIMA ALLEM', 294, 'KAPITU', 'RUA ACORES 275', NULL, 92590776, 34851085, ''),
(457, 32, 18, 'JOSIANE GALARÇA', 338, 'LUCKY', 'RUA DJALMA VEIGA 53', NULL, 84602748, 85625081, ''),
(458, 37, 42, 'JONATAS SEOLATO DOS SANTOS', 286, 'SPIKE', 'RUA 29 DE JULHO 322', NULL, 95768503, 98292145, ''),
(459, 38, 57, 'ALESSANDRA', 3, 'FILHO', '', NULL, 96510013, 0, ''),
(460, 37, 8, 'ANELISE', 220, 'BINHO', 'LOTE Z-08 ', NULL, 84020955, 0, ''),
(461, 37, 32, 'CAROLINE', 356, 'MEL', 'RUA FRANCISCO CANQUERINE No63', NULL, 84891990, 30453084, ''),
(462, 32, 32, 'CAROLNE', 357, 'SPIKE', 'RUA FRANCISCO CANQUERINE No63', NULL, 84891990, 30453084, ''),
(463, 11, 18, 'MONIKE DE MOURA MACHADO', 276, 'LUCKY', 'RUA 18 333', NULL, 85061131, 84793935, ''),
(464, 20, 52, 'MAICON', 136, 'ATILA', 'BENTO GONSALVES 2107(FERRAGEM)', NULL, 92012587, 0, ''),
(465, 38, 57, 'FABIANE AGUIAR', 32, 'FADINHA', '', NULL, 0, 0, ''),
(466, 38, 57, 'FABIANE AGUIAR', 32, 'MANCHINHA', '', NULL, 0, 0, ''),
(467, 29, 6, 'ROSA MALENA NECCHI DAVID', 225, 'PRINCESA', 'NILO SCUR 231 Pd47', NULL, 98150917, 82553020, ''),
(468, 29, 6, 'ROSA MALENA NECCHI DAVID', 225, 'LAIKA', 'NILO SCUR 231 Pd47', NULL, 98150917, 0, ''),
(469, 29, 6, 'ROSA MALENA NECCHI DAVID', 225, 'LUCKY', 'NILO SCUR 231 Pd47', NULL, 98150917, 0, ''),
(470, 37, 52, 'LOECI DA ROCHA BARBOSA', 383, 'MARCIANA', 'RUA JOSE MARTINS 486', NULL, 34853098, 96170786, ''),
(471, 19, 16, 'CATIA', 213, 'LORENA', 'LOTE 213', NULL, 99651935, 82452777, ''),
(472, 3, 16, 'CATIA', 213, 'TROY', 'LOTE 213', NULL, 99651935, 82452777, ''),
(473, 38, 57, 'DENISE IBERE SOARES CARDOSO DA ROCHA', 23, 'PINK', '', NULL, 34921907, 0, ''),
(474, 32, 57, 'DENISE IBERE SOARES CARDOSO DA ROCHA', 23, 'LILI', '', NULL, 34921907, 0, ''),
(475, 32, 57, 'MELINA', 233, 'KIM', 'Pda 39', NULL, 99639552, 0, ''),
(476, 19, 57, 'MELINA', 233, 'BOB', 'Pda 39', NULL, 99639552, 0, ''),
(477, 37, 57, 'SIDNEI', 71, 'RE', '', NULL, 34935720, 91684707, ''),
(478, 32, 57, ' EMERSON', 1, 'SOFIA', '', NULL, 85806488, 0, ''),
(479, 38, 30, 'ENILDA  ', 239, 'DUDA', 'R. ALEXANDRE BRAGA 260', NULL, 99652503, 0, ''),
(480, 42, 21, 'ROBERTA', 415, 'ILA', 'RUA PERO VAZ DE CAMINHA No412', NULL, 91960457, 0, ''),
(481, 32, 45, 'SABRINA OLIVEIRA PEIXOTO', 238, 'NENE', 'R. A No475', NULL, 91363587, 84320711, ''),
(482, 16, 12, 'PATRICIA  DE MOURA MACHADO ARRUDA', 331, 'MEG', 'RUA CORONEL RESENDE 82', NULL, 96412757, 34853337, ''),
(483, 29, 49, 'LETICIA/MAIKEL', 347, 'SHAKIRA', 'RUA E No460', NULL, 85939280, 0, ''),
(484, 29, 25, 'VALERIA', 315, 'BIBO', 'RUA BEGONIA No50', NULL, 34469587, 0, ''),
(485, 37, 11, 'CARLA ROSANE GODINHO ESTEVES', 290, 'GORDINHA', 'RUA 8 215', NULL, 81358097, 92850088, ''),
(486, 29, 11, 'CARLA ROSANE GODINHO ESTEVES', 290, 'KIKO', 'RUA 8 215', NULL, 81358097, 92850088, ''),
(487, 32, 57, 'JOSI HANEL', 40, 'POLI', '', NULL, 93841076, 92870911, ''),
(488, 20, 55, 'JANAINA/JANIO', 323, 'FLINK', 'RUA CAMBARA No130 Pda 47', NULL, 92379442, 0, ''),
(489, 22, 55, 'JANAINA/JANIO', 323, 'TUTTY', 'RUA CAMBARA No130 Pda 47', NULL, 92379442, 0, ''),
(490, 32, 25, 'ANDRESSA SOARES DE OLIVEIRA', 316, 'RAMONA', 'RUA BEGONIA No500', NULL, 98329748, 81080150, ''),
(491, 32, 25, 'ANDRESSA SOARES DE OLIVEIRA', 316, 'DORY', 'RUA BEGONIA No500', NULL, 82711038, 81080150, ''),
(492, 42, 52, 'ELIANE', 345, 'CRISTALDO', 'RUA DUQUE DE CAXIAS No344', NULL, 99531471, 34854072, ''),
(493, 37, 57, 'MARTA  ', 55, 'BUZUGA', '', NULL, 97508452, 0, ''),
(494, 37, 12, 'TIA DO FUSCA', 78, 'ESPANADOR', '', NULL, 0, 0, ''),
(495, 29, 25, 'ESTHER MARTINS', 308, 'BILLI', 'RUA ARAUCARIA  No312', NULL, 81094470, 84716922, ''),
(496, 29, 18, 'CARLOS', 192, 'DIEGO', 'FREDERICO MENTZ', NULL, 34858303, 0, ''),
(497, 24, 18, 'CARLOS', 192, 'BELA', 'FREDERICO MENTZ', NULL, 34858303, 0, ''),
(498, 29, 12, 'SANDRA', 170, 'DUDU', 'ERICO VERRISIMO', NULL, 82223853, 83318960, ''),
(499, 32, 17, 'BRUNO', 12, 'MAXX', '', NULL, 93793299, 0, ''),
(500, 32, 16, 'SIRLEI', 214, 'BOB', 'LOTE 228', NULL, 0, 0, ''),
(501, 32, 16, 'SIRLEI', 214, 'SHER', 'LOTE 228', NULL, 0, 0, ''),
(502, 32, 16, 'SIRLEI', 214, 'SNOOP', 'LOTE 228', NULL, 0, 0, ''),
(503, 29, 57, 'TEREZINHA', 77, 'MEG', '', NULL, 34851546, 96797177, ''),
(504, 37, 17, 'LISIANE TIA LISI', 184, 'KIKO', 'FERNANDO DE ANDRADE PRATES No246', NULL, 81600021, 0, ''),
(505, 37, 17, 'LISIANE TIA LISI', 184, 'BETHOVEM', 'FERNANDO DE ANDRADE PRATES No246', NULL, 81600021, 0, ''),
(506, 32, 12, 'BRENDA DE SOUZA CERVELIN', 361, 'MALU', 'RUA GEN CAMARA 140 AP 202', NULL, 98499400, 99773408, ''),
(507, 22, 7, 'CRISTIANE GODOY', 230, 'PITCHULA', 'PASSO DO MORRINHO 2030', NULL, 85255854, 86457153, ''),
(508, 1, 18, 'NEGAO', 274, 'KIKA', 'RUA 16 No 205', NULL, 85510835, 0, ''),
(509, 29, 53, 'KELEM', 248, 'GURI', 'RS 040 No12500', NULL, 99165382, 0, ''),
(510, 37, 35, 'LIZANDRA MALI', 110, 'SAIKAN', 'ANTONIO MANUEL GOULART 186', NULL, 34341556, 0, ''),
(511, 29, 52, 'NEIVA MAE TAINARA', 255, 'DUDA', 'RS118', NULL, 34939308, 0, ''),
(512, 35, 52, 'FELIPE ', 458, 'ZULU', 'TRAVESSA S~AO PAULO', NULL, 98307627, 83389962, '');
INSERT INTO `client` (`idClient`, `breed_idBreed`, `address_idAddress`, `owner`, `idOwner`, `nameAnimal`, `addressNumber`, `addressComplement`, `phone1`, `phone2`, `email`) VALUES
(513, 19, 12, 'ALEXANDRE ABBA', 176, 'CHUPAKA', 'ESTRADA CAMINHO DO MEIO', NULL, 94326972, 94299245, ''),
(514, 37, 52, 'SANDRA SAMPLAST', 249, 'DODY', 'RS 118 4050', NULL, 91163041, 30461666, ''),
(515, 37, 52, 'SANDRA SAMPLAST', 249, 'FOGUINHO', 'RS 118 4050', NULL, 91163041, 30461666, ''),
(516, 11, 12, 'CARA DA AMBEV', 438, 'GUGU', 'RUA WALL DISNEY No 47', NULL, 84829312, 34852583, ''),
(517, 9, 12, 'CARA DA AMBEV', 438, 'TED', 'RUA WALL DISNEY No 47', NULL, 84829312, 34852583, ''),
(518, 37, 12, 'CARA DA AMBEV', 438, 'PITU', 'RUA WALL DISNEY No 47', NULL, 84829312, 34852583, ''),
(519, 38, 12, 'CARA DA AMBEV', 438, 'PITO', 'RUA WALL DISNEY No 47', NULL, 84829312, 34852583, ''),
(520, 40, 57, 'CARINA', 14, 'ALFREDO', '', NULL, 82705249, 0, ''),
(521, 29, 57, 'MARIBEL NERY', 52, 'PENELOPE', '', NULL, 94478959, 0, ''),
(522, 38, 12, 'IVONETE PAREDES', 118, 'PEDRO HENRIQUE', 'AV MENDANHA 639', NULL, 34850607, 85828463, ''),
(523, 38, 12, 'IVONETE PAREDES', 118, 'TITA', 'AV MENDANHA 639', NULL, 34850607, 85828463, ''),
(524, 11, 52, 'GISELE JUNIOR', 132, 'LEONA', 'BECO DO CASCUDO No271', NULL, 30457563, 0, ''),
(525, 29, 21, ' DEISE', 128, 'PIERRE', 'BAR DA DEISE', NULL, 0, 0, ''),
(526, 12, 52, 'BRUNA', 204, 'THEO', 'JOSE MARTINS 552', NULL, 0, 0, ''),
(527, 15, 57, 'AMANDA ', 6, 'PEPA', '', NULL, 97079567, 0, ''),
(528, 24, 57, 'ROBERTA', 65, 'PITT', '', NULL, 85269524, 0, ''),
(529, 37, 8, 'ANELISE', 220, 'LUCK', 'LOTE Z-08 ', NULL, 84020955, 0, ''),
(530, 37, 20, 'LUIS', 231, 'TIBERIUM', 'PASSO DO MORRINHO 9977', NULL, 86065037, 0, ''),
(531, 25, 12, 'LOUISE', 43, 'LOBO', '', NULL, 34342035, 80459876, ''),
(532, 29, 57, 'MARCIA', 49, 'BIDU', '', NULL, 31297775, 0, ''),
(533, 12, 18, 'SANDRA', 283, 'RAGI', 'RUA 25  106', NULL, 34921423, 0, ''),
(534, 32, 57, 'ELI', 27, 'BETHOVEM', '', NULL, 34921465, 0, ''),
(535, 29, 52, 'ANGELINA', 382, 'FREDD', 'RUA JOSE MARTINS 212', NULL, 84140805, 0, ''),
(536, 38, 18, 'IASMIN/CHEILA', 285, 'TED', 'RUA 28 No42  ESTALAGEM', NULL, 85174801, 0, ''),
(537, 29, 42, 'CASSIA', 403, 'BUD', 'RUA P No40 PROMORAR', NULL, 85970706, 0, ''),
(538, 26, 18, 'LIANE NASCIMENTO', 287, 'MIMOSO', 'RUA 29 No46/39', NULL, 92285593, 84717940, ''),
(539, 29, 52, 'CATARINA', 329, 'SCOOB', 'RUA CLARESTINO DE ANDRADE No436', NULL, 34445198, 96061790, ''),
(540, 32, 56, 'ANDREIA SOUZA', 432, 'ZACARIAS', 'RUA TRAVESSA PONCIANO DA SILVA MALTA 441', NULL, 84628719, 84653678, ''),
(541, 14, 52, 'DONA ELZA', 205, 'BELA', 'JOSE MARTINS 598', NULL, 0, 0, ''),
(542, 14, 52, 'DONA ELZA', 206, 'MAXX', 'JOSE MATINS 598', NULL, 0, 0, ''),
(543, 27, 57, 'VERIDIANA PACHECO', 82, 'ARTHUR', '', NULL, 0, 0, ''),
(544, 19, 57, 'DEBORA', 21, 'MARLEY', '', NULL, 91417773, 92834302, ''),
(545, 37, 57, 'KELLY', 280, 'DUKE', 'RUA 2 No492 ESTALAGEM', NULL, 99800908, 0, ''),
(546, 22, 57, 'KELLY', 279, 'MEL', 'RUA 2 No492', NULL, 99800908, 0, ''),
(547, 19, 12, 'FATIMA FREITAS', 93, 'FIONA', ' RUA TELMO DE GODOY PINTO No849', NULL, 93191606, 93193142, ''),
(548, 29, 16, 'MARTA CARVALHO DA SILVA', 212, 'BOB', 'LOTE 156', NULL, 30451803, 81898738, ''),
(549, 32, 53, 'CAMILA DA SILVA', 97, 'BOLINHA', 'ACESSO 2 N o112', NULL, 96974585, 96529267, ''),
(550, 19, 40, 'JOEL', 119, 'GOLDEM', 'AV PRES.GETULIO VARGAS No6345 SITIO DA LAGOA', NULL, 99765093, 0, ''),
(551, 38, 12, 'SIOMARA', 423, 'SPIKE', 'RUA RAUL CABRAL DE MENEZES 36', NULL, 99393549, 34936001, ''),
(552, 32, 5, 'ALINE', 304, 'ZEZINHO', 'RUA ANTILHAS 35', NULL, 94619238, 34351084, ''),
(553, 25, 27, 'ANA CRISTINA', 266, 'SLINK', 'RUA  PADRE DIOGO DE BORBA 255', NULL, 30336658, 92475448, ''),
(554, 13, 16, 'RAFAELA BOSSATTO', 218, 'DANA', 'LOTE 84', NULL, 0, 0, ''),
(555, 37, 27, 'ANA CRISTINA', 406, 'SOFIA', 'RUA PADRE DIOGO DE BORBA 255', NULL, 30336658, 92503141, ''),
(556, 38, 52, 'ROSE RODRIGUES', 260, 'SANO', 'RUA  FERNANDO ROCHA VIEIRA 174', NULL, 34467192, 99375612, ''),
(557, 29, 12, 'VANESSA LUMEHERTZ', 81, 'LOLA', '', NULL, 30458550, 0, ''),
(558, 21, 12, 'VANESSA LUMEHERTZ', 81, 'MARIA CHIQUINHA', '', NULL, 30458550, 0, ''),
(559, 32, 21, 'JOELMA PRESTES', 130, 'THOR', 'BECO DA XURUPITA No70', NULL, 34857409, 93790671, ''),
(560, 37, 52, 'TOKINHO', 202, 'TOKINHO', 'JOSE MARTINS  No818', NULL, 0, 0, ''),
(561, 20, 12, 'LONI', 221, 'BOB', 'LUIS ROSSETI 545', NULL, 34850201, 0, ''),
(562, 37, 49, 'LELY', 271, 'ENZO', 'RUA \'A\' No188', NULL, 0, 0, ''),
(563, 12, 57, 'EDUARDA', 25, 'DARA', '', NULL, 98224962, 34469252, ''),
(564, 37, 57, 'DENISE ', 22, 'FELI', '', NULL, 99692113, 30547773, ''),
(565, 32, 32, 'CAMILA', 117, 'MAYA', 'AV LISBOA  551', NULL, 0, 0, ''),
(566, 21, 57, 'MARIA LUCIA SERRANO ELIAS', 306, 'TOB', 'RUA ANTONIA DE FRAGA RAMOS 231', NULL, 34924057, 0, ''),
(567, 29, 52, 'SIMONE', 72, 'PITUKA', '', NULL, 85260509, 0, ''),
(568, 11, 12, 'KING', 41, 'KING', '', NULL, 30464267, 84559294, ''),
(569, 21, 12, 'CRISTIANE', 242, 'MARLEY', 'RAUL CABRAL DE MENEZES 608', NULL, 30542017, 0, ''),
(570, 19, 21, 'LUCIANE KUFNER', 188, 'BUD', 'FLODOALDO DE SOUZA FEIJO 636', NULL, 81941919, 34923357, ''),
(571, 20, 57, 'PAIN HOTELARIA', 59, 'BELA', '', NULL, 0, 0, ''),
(572, 29, 57, 'ROSE', 68, 'NALA', '', NULL, 84121564, 0, ''),
(573, 12, 56, 'MARINA', 430, 'BEBE', 'RUA SERGIO CARDOSO No1551', NULL, 85256392, 0, ''),
(574, 37, 48, 'Dr LEONITA', 407, 'GIGI', 'RUA PAISSANDU No 235', NULL, 34851137, 0, ''),
(575, 12, 48, 'Dr LEONITA', 407, 'TED', 'RUA PAISSANDU No 235', NULL, 34851137, 0, ''),
(576, 37, 17, 'CARMEM', 262, 'ROCKY', 'RUA  IDALINO FERNANDES DE OLIVEIRA 212', NULL, 34853031, 0, ''),
(577, 38, 12, 'ZAIDA PETRY', 85, 'MEL', '', NULL, 0, 0, ''),
(578, 18, 57, 'MARINES', 53, 'LEAO', '', NULL, 34854261, 0, ''),
(579, 18, 12, 'MARLI', 227, 'PRETA', 'OPERARIOS', NULL, 34921891, 0, ''),
(580, 29, 57, 'MARA', 47, 'LULI', '', NULL, 99328793, 0, ''),
(581, 37, 30, 'ADRIANA', 165, 'PRETO', 'DIOGO BOTELHO 195', NULL, 91990954, 0, ''),
(582, 29, 18, 'VIRGINIA', 174, 'ATILA', 'ESTALAGEM', NULL, 34443580, 0, ''),
(583, 21, 57, 'ALEXANDRO', 4, 'BOLD', '', NULL, 84995134, 0, ''),
(584, 37, 57, 'ELISANGELA', 28, 'SENDY', '', NULL, 34859304, 0, ''),
(585, 20, 57, 'VICK', 83, 'VICK', '', NULL, 0, 0, ''),
(586, 20, 57, 'MEL', 56, 'MEL', '', NULL, 0, 0, ''),
(587, 32, 7, 'BELINHA', 447, 'PEEB', 'SITIO FROES', NULL, 0, 0, ''),
(588, 32, 7, 'PATRICE FROES', 449, 'PENNY', 'SITIO FROES', NULL, 0, 0, ''),
(589, 31, 7, 'PATRICE FROES', 449, 'ROXXY', 'SITIO FROES', NULL, 0, 0, ''),
(590, 29, 57, 'JONAS', 39, 'NICOLE', '', NULL, 34441725, 0, ''),
(591, 29, 57, 'JONAS', 39, 'NATASHA', '', NULL, 34441725, 0, ''),
(592, 36, 57, 'JONAS', 39, 'MIUKI', '', NULL, 34441725, 0, ''),
(593, 37, 57, 'CAROLINA NILHO', 229, 'ROYCE', 'PARQUE DAS AGUAS', NULL, 82192165, 0, ''),
(594, 25, 18, 'ADILSOM', 275, 'CHOCO', 'RUA 17 No05', NULL, 84619435, 0, ''),
(595, 25, 35, 'DOUGLAS MOROSINI', 340, 'RICA', 'RUA DONA EULALIA No31', NULL, 84040570, 85430983, ''),
(596, 20, 18, 'ROGERIO', 282, 'BONI', 'RUA 21', NULL, 91471773, 0, ''),
(597, 21, 57, 'PABLA', 58, 'NINA', '', NULL, 0, 0, ''),
(599, 17, 12, 'CAMILLA ARAUJO ASSAD', 172, 'cao novo', 'ERICO VERRISIMO 286', '', 97177915, 96667332, ''),
(600, 29, 51, 'Eduardo da Silva Souza', 314, 'bidu', 'Rua Begônia (Jardim Fiuza) N85', '', 34928419, 818882850, 'eduardo_souza96@hotmail.com'),
(601, 53, 51, 'Eduardo da Silva Souza', 314, 'mel', 'Rua Begônia (Jardim Fiuza) N85', '', 34928419, 818882850, 'eduardo_souza96@hotmail.com'),
(602, 13, 12, 'CAMILLA ARAUJO ASSAD', 172, 'ccao', 'ERICO VERRISIMO 286', '', 97177915, 96667332, ''),
(603, 4, 57, 'ALINE DECORAÇAO', 5, 'snoop2', '', '', 30451521, 97700922, ''),
(604, 53, 51, 'Marina Silva', 460, 'nita', 'rua begonia N 85', '', 34928419, 0, ''),
(605, 53, 51, 'Marina Silva', 460, 'margarida', 'rua begonia N 85', '', 34928419, 0, ''),
(606, 29, 51, 'Marina Silva', 460, 'bidu', 'rua begonia N 85', '', 34928419, 0, '');

CREATE TABLE `diary` (
  `idDiary` int(10) UNSIGNED NOT NULL,
  `client_idClient` int(10) UNSIGNED NOT NULL,
  `servic_idServic` int(10) NOT NULL,
  `search` tinyint(1) DEFAULT '0',
  `price` decimal(10,2) NOT NULL,
  `deliveryPrice` decimal(10,2) DEFAULT NULL,
  `totalPrice` decimal(10,2) NOT NULL,
  `dateHour` timestamp NULL DEFAULT NULL,
  `status` int(11) NOT NULL DEFAULT '0',
  `package_idPackage` int(11) NOT NULL DEFAULT '0',
  `companion` varchar(10) NOT NULL DEFAULT 'false',
  `checkinHourDiary` time NOT NULL DEFAULT '00:00:00',
  `checkoutHourDiary` time NOT NULL DEFAULT '00:00:00'
) ENGINE=MyISAM DEFAULT CHARSET=latin1;

INSERT INTO `diary` (`idDiary`, `client_idClient`, `servic_idServic`, `search`, `price`, `deliveryPrice`, `totalPrice`, `dateHour`, `status`, `package_idPackage`, `companion`, `checkinHourDiary`, `checkoutHourDiary`) VALUES
(1, 1, 1, 1, '10.00', '4.00', '14.00', '2016-12-11 12:30:00', 0, 0, 'false', '00:00:00', '00:00:00'),
(2, 1, 1, 1, '20.00', '8.00', '28.00', '2016-12-11 12:00:00', 0, 0, 'false', '00:00:00', '00:00:00'),
(3, 3, 2, 0, '30.00', '10.00', '40.00', '2016-12-11 10:00:00', 1, 0, 'false', '00:00:00', '00:00:00'),
(4, 3, 2, 0, '30.00', '10.00', '40.00', '2016-12-11 10:00:00', 1, 0, 'false', '00:00:00', '00:00:00'),
(5, 1, 1, 0, '20.00', '10.00', '30.00', '2016-12-11 10:30:00', 1, 0, 'false', '00:00:00', '00:00:00'),
(6, 2, 2, 0, '30.00', '10.00', '40.00', '2016-12-11 11:00:00', 1, 0, 'false', '00:00:00', '00:00:00'),
(7, 1, 1, 0, '20.00', '10.00', '30.00', '2016-12-11 11:00:00', 1, 0, 'false', '00:00:00', '00:00:00'),
(8, 1, 4, 0, '40.00', '10.00', '50.00', '2016-12-11 11:00:00', 1, 0, 'false', '00:00:00', '00:00:00'),
(9, 2, 5, 0, '60.00', '10.00', '70.00', '2016-12-11 11:30:00', 1, 0, 'false', '00:00:00', '00:00:00'),
(10, 2, 5, 0, '60.00', '10.00', '70.00', '2016-12-11 11:30:00', 1, 0, 'false', '00:00:00', '00:00:00'),
(11, 2, 5, 0, '60.00', '10.00', '70.00', '2016-12-11 11:30:00', 1, 0, 'false', '00:00:00', '00:00:00'),
(12, 2, 5, 1, '60.00', '10.00', '70.00', '2016-12-11 11:30:00', 1, 0, 'false', '00:00:00', '00:00:00'),
(13, 2, 5, 1, '60.00', '10.00', '70.00', '2016-12-11 11:30:00', 1, 0, 'false', '00:00:00', '00:00:00'),
(14, 2, 5, 0, '60.00', '10.00', '70.00', '2016-12-11 11:30:00', 1, 0, 'false', '00:00:00', '00:00:00'),
(15, 2, 5, 1, '60.00', '10.00', '70.00', '2016-12-11 11:30:00', 0, 0, 'false', '00:00:00', '00:00:00'),
(16, 3, 2, 1, '30.00', '10.00', '40.00', '2016-12-11 16:00:00', 0, 0, 'false', '00:00:00', '00:00:00'),
(17, 1, 4, 1, '40.00', '10.00', '50.00', '2016-12-11 16:30:00', 0, 0, 'false', '00:00:00', '00:00:00'),
(18, 1, 4, 1, '40.00', '10.00', '50.00', '2016-12-11 18:00:00', 0, 0, 'false', '00:00:00', '00:00:00'),
(19, 3, 5, 1, '60.00', '10.00', '70.00', '2016-12-11 17:30:00', 0, 0, 'false', '00:00:00', '00:00:00'),
(20, 3, 5, 0, '60.00', '10.00', '70.00', '2016-12-11 19:00:00', 0, 0, 'false', '00:00:00', '00:00:00'),
(21, 1, 1, 1, '20.00', '10.00', '30.00', '2016-12-11 18:30:00', 0, 0, 'false', '00:00:00', '00:00:00'),
(22, 1, 1, 0, '20.00', '10.00', '30.00', '2016-12-11 13:30:00', 0, 0, 'false', '00:00:00', '00:00:00'),
(23, 3, 2, 1, '30.00', '10.00', '40.00', '2016-12-11 13:30:00', 0, 0, 'false', '00:00:00', '00:00:00'),
(24, 1, 1, 1, '20.00', '10.00', '30.00', '2016-12-11 14:00:00', 1, 0, 'false', '00:00:00', '00:00:00'),
(25, 5, 86, 0, '90.00', '10.00', '100.00', '2016-12-11 14:30:00', 0, 0, 'false', '00:00:00', '00:00:00'),
(26, 5, 85, 1, '80.00', '10.00', '90.00', '2016-12-11 17:00:00', 0, 0, 'false', '00:00:00', '00:00:00'),
(27, 5, 85, 0, '80.00', '0.00', '0.00', '2016-12-11 15:30:00', 0, 0, 'false', '00:00:00', '00:00:00'),
(28, 5, 85, 1, '80.00', '10.00', '90.00', '2016-12-11 10:00:00', 0, 0, 'false', '00:00:00', '00:00:00'),
(29, 5, 86, 0, '90.00', '0.00', '90.00', '2017-01-12 10:00:00', 1, 0, 'false', '00:00:00', '00:00:00'),
(30, 5, 86, 1, '90.00', '10.00', '100.00', '2017-01-12 10:30:00', 1, 0, 'false', '00:00:00', '00:00:00'),
(31, 5, 86, 0, '90.00', '0.00', '90.00', '2017-01-12 11:00:00', -1, 0, 'false', '00:00:00', '00:00:00'),
(32, 3, 62, 0, '90.00', '0.00', '90.00', '2017-01-12 11:30:00', 1, 0, 'false', '00:00:00', '00:00:00'),
(33, 3, 61, 0, '80.00', '0.00', '80.00', '2017-01-12 12:00:00', 2, 0, 'false', '00:00:00', '00:00:00'),
(34, 5, 85, 0, '80.00', '0.00', '80.00', '2017-01-12 12:30:00', 2, 0, 'false', '00:00:00', '00:00:00'),
(35, 5, 87, 0, '120.00', '0.00', '120.00', '2017-01-12 13:00:00', -1, 0, 'false', '00:00:00', '00:00:00'),
(36, 3, 61, 0, '80.00', '0.00', '80.00', '2017-01-12 13:30:00', 1, 0, 'false', '00:00:00', '00:00:00'),
(37, 3, 62, 0, '90.00', '0.00', '90.00', '2017-01-12 14:00:00', 1, 0, 'false', '00:00:00', '00:00:00'),
(38, 5, 86, 0, '90.00', '0.00', '90.00', '2017-01-12 14:30:00', 1, 0, 'false', '00:00:00', '00:00:00'),
(39, 5, 85, 0, '80.00', '0.00', '80.00', '2017-01-12 15:00:00', -1, 0, 'false', '00:00:00', '00:00:00'),
(40, 5, 86, 0, '90.00', '0.00', '90.00', '2017-01-12 15:30:00', 1, 0, 'false', '00:00:00', '00:00:00'),
(41, 3, 63, 0, '120.00', '0.00', '120.00', '2017-01-12 16:00:00', 0, 0, 'false', '00:00:00', '00:00:00'),
(53, 9, -1, 0, '200.00', '0.00', '200.00', '2017-02-09 10:00:00', 0, 0, 'false', '00:00:00', '00:00:00'),
(51, 9, -1, 0, '200.00', '0.00', '200.00', '2017-01-26 10:00:00', 0, 0, 'false', '00:00:00', '00:00:00'),
(50, 9, -1, 0, '200.00', '0.00', '200.00', '2017-01-19 10:00:00', 0, 0, 'false', '00:00:00', '00:00:00'),
(54, 4, 55, 0, '80.00', '0.00', '80.00', '2017-01-26 10:00:00', 0, 0, 'false', '00:00:00', '00:00:00'),
(55, 9, -2, 0, '100.00', '0.00', '100.00', '2017-01-26 11:00:00', 0, 0, 'false', '00:00:00', '00:00:00'),
(56, 9, -2, 0, '100.00', '0.00', '100.00', '2017-02-09 11:00:00', -1, 0, 'false', '00:00:00', '00:00:00'),
(57, 4, 56, 0, '90.00', '0.00', '90.00', '2017-02-09 10:30:00', 0, 0, 'false', '00:00:00', '00:00:00'),
(58, 9, -1, 0, '200.00', '0.00', '200.00', '2017-02-09 11:30:00', 0, 0, 'false', '00:00:00', '00:00:00'),
(59, 9, -1, 0, '200.00', '0.00', '200.00', '2017-02-16 11:30:00', 0, 0, 'false', '00:00:00', '00:00:00'),
(60, 9, -1, 0, '200.00', '0.00', '200.00', '2017-02-23 12:30:00', 0, 0, 'false', '00:00:00', '00:00:00'),
(62, 9, -2, 1, '100.00', '10.00', '110.00', '2017-02-09 12:00:00', 1, 0, 'false', '00:00:00', '00:00:00'),
(63, 9, -2, 1, '100.00', '10.00', '110.00', '2017-02-23 13:00:00', 0, 0, 'false', '00:00:00', '00:00:00'),
(64, 4, 117, 1, '200.00', '10.00', '210.00', '2017-01-13 10:00:00', 1, 0, 'false', '00:00:00', '00:00:00'),
(65, 4, 117, 1, '200.00', '10.00', '210.00', '2017-01-20 10:00:00', 0, 0, 'false', '00:00:00', '00:00:00'),
(66, 4, 117, 1, '200.00', '10.00', '210.00', '2017-01-27 10:00:00', 0, 0, 'false', '00:00:00', '00:00:00'),
(67, 4, 117, 1, '200.00', '10.00', '210.00', '2017-02-03 10:00:00', 2, 0, 'false', '00:00:00', '00:00:00'),
(68, 4, 118, 0, '100.00', '0.00', '100.00', '2017-01-13 10:00:00', 0, 0, 'false', '00:00:00', '00:00:00'),
(69, 4, 0, 0, '110.00', '0.00', '110.00', '2017-01-28 10:00:00', 0, 0, 'false', '00:00:00', '00:00:00'),
(70, 4, 119, 0, '1.00', '0.00', '1.00', '2017-01-13 10:30:00', -1, 0, 'false', '00:00:00', '00:00:00'),
(71, 2, 113, 1, '90.00', '10.00', '100.00', '2017-01-13 11:00:00', 0, 0, 'false', '00:00:00', '00:00:00'),
(72, 345, 86, 1, '90.00', '0.00', '90.00', '2017-01-20 11:30:00', 2, 0, 'false', '00:00:00', '00:00:00'),
(73, 98, 111, 0, '120.00', '0.00', '120.00', '2017-01-17 10:00:00', -1, 0, 'false', '00:00:00', '00:00:00'),
(76, 269, 65, 0, '90.00', '0.00', '90.00', '2017-01-17 12:00:00', 2, 0, 'false', '00:00:00', '00:00:00'),
(79, 4, 117, 1, '200.00', '40.00', '210.00', '2017-01-17 10:30:00', 0, 0, 'false', '00:00:00', '00:00:00'),
(80, 4, 117, 1, '0.00', '0.00', '2.00', '2017-01-24 10:30:00', 0, 0, 'false', '00:00:00', '00:00:00'),
(81, 4, 0, 1, '0.00', '0.00', '3.00', '2017-01-30 13:30:00', 0, 0, 'false', '00:00:00', '00:00:00'),
(82, 4, 117, 1, '0.00', '0.00', '4.00', '2017-02-07 10:30:00', 0, 0, 'false', '00:00:00', '00:00:00'),
(83, 4, 117, 1, '200.00', '40.00', '240.00', '2017-01-17 11:00:00', 0, 0, 'false', '00:00:00', '00:00:00'),
(84, 4, 117, 1, '0.00', '0.00', '2.00', '2017-01-24 11:00:00', 0, 0, 'false', '00:00:00', '00:00:00'),
(85, 4, 0, 1, '0.00', '0.00', '3.00', '2017-01-31 12:00:00', 0, 0, 'false', '00:00:00', '00:00:00'),
(86, 4, 117, 1, '0.00', '0.00', '4.00', '2017-02-07 11:00:00', 0, 0, 'false', '00:00:00', '00:00:00'),
(87, 4, 118, 1, '100.00', '20.00', '120.00', '2017-01-17 11:30:00', 0, 0, 'false', '00:00:00', '00:00:00'),
(88, 4, 118, 1, '0.00', '0.00', '2.00', '2017-01-31 11:30:00', 0, 0, 'false', '00:00:00', '00:00:00'),
(89, 4, 169, 1, '200.00', '10.00', '210.00', '2017-01-16 10:00:00', 1, 0, 'false', '00:00:00', '00:00:00'),
(157, 229, 90, 0, '120.00', '0.00', '120.00', '2017-01-08 11:00:00', 1, 0, 'false', '00:00:00', '00:00:00'),
(91, 4, 169, 0, '0.00', '0.00', '3.00', '2017-01-30 10:00:00', 0, 0, 'false', '00:00:00', '00:00:00'),
(92, 4, 169, 0, '0.00', '0.00', '4.00', '2017-02-06 10:00:00', 0, 0, 'false', '00:00:00', '00:00:00'),
(93, 4, 169, 0, '200.00', '0.00', '200.00', '2017-01-16 10:30:00', 0, 0, 'false', '00:00:00', '00:00:00'),
(94, 4, 169, 0, '0.00', '0.00', '2.00', '2017-01-23 10:30:00', 0, 0, 'false', '00:00:00', '00:00:00'),
(95, 4, 169, 0, '0.00', '0.00', '3.00', '2017-01-30 10:30:00', 0, 0, 'false', '00:00:00', '00:00:00'),
(96, 4, 169, 0, '0.00', '0.00', '4.00', '2017-02-06 10:30:00', 0, 0, 'false', '00:00:00', '00:00:00'),
(97, 4, 169, 0, '200.00', '0.00', '200.00', '2017-01-16 11:00:00', 0, 0, 'false', '00:00:00', '00:00:00'),
(98, 4, 169, 0, '0.00', '0.00', '2.00', '2017-01-23 11:00:00', 0, 0, 'false', '00:00:00', '00:00:00'),
(99, 4, 169, 0, '0.00', '0.00', '3.00', '2017-01-30 11:00:00', 0, 0, 'false', '00:00:00', '00:00:00'),
(100, 4, 169, 0, '0.00', '0.00', '4.00', '2017-02-06 11:00:00', 0, 0, 'false', '00:00:00', '00:00:00'),
(101, 4, 169, 0, '200.00', '0.00', '200.00', '2017-01-16 11:30:00', 0, 0, 'false', '00:00:00', '00:00:00'),
(102, 4, 169, 0, '0.00', '0.00', '2.00', '2017-01-23 11:30:00', 0, 0, 'false', '00:00:00', '00:00:00'),
(103, 4, 169, 0, '0.00', '0.00', '3.00', '2017-01-30 11:30:00', 0, 0, 'false', '00:00:00', '00:00:00'),
(104, 4, 169, 0, '0.00', '0.00', '4.00', '2017-02-06 11:30:00', 0, 0, 'false', '00:00:00', '00:00:00'),
(105, 4, 169, 0, '200.00', '0.00', '200.00', '2017-01-16 12:00:00', 0, 0, 'false', '00:00:00', '00:00:00'),
(106, 4, 169, 0, '0.00', '0.00', '2.00', '2017-01-23 12:00:00', 0, 0, 'false', '00:00:00', '00:00:00'),
(107, 4, 169, 0, '0.00', '0.00', '3.00', '2017-01-30 12:00:00', 0, 0, 'false', '00:00:00', '00:00:00'),
(108, 4, 169, 0, '0.00', '0.00', '4.00', '2017-02-06 12:00:00', 0, 0, 'false', '00:00:00', '00:00:00'),
(109, 4, 169, 0, '200.00', '0.00', '200.00', '2017-01-16 12:30:00', 0, 0, 'false', '00:00:00', '00:00:00'),
(110, 4, 169, 0, '0.00', '0.00', '2.00', '2017-01-23 12:30:00', 0, 0, 'false', '00:00:00', '00:00:00'),
(111, 4, 169, 0, '0.00', '0.00', '3.00', '2017-01-30 12:30:00', 0, 0, 'false', '00:00:00', '00:00:00'),
(112, 4, 169, 0, '0.00', '0.00', '4.00', '2017-02-06 12:30:00', 0, 0, 'false', '00:00:00', '00:00:00'),
(113, 4, 169, 0, '200.00', '0.00', '200.00', '2017-01-16 13:00:00', 0, 0, 'false', '00:00:00', '00:00:00'),
(114, 4, 169, 0, '0.00', '0.00', '2.00', '2017-01-23 13:00:00', 0, 0, 'false', '00:00:00', '00:00:00'),
(115, 4, 169, 0, '0.00', '0.00', '3.00', '2017-01-30 13:00:00', 0, 0, 'false', '00:00:00', '00:00:00'),
(116, 4, 169, 0, '0.00', '0.00', '4.00', '2017-02-06 13:00:00', 0, 0, 'false', '00:00:00', '00:00:00'),
(117, 4, 169, 0, '200.00', '0.00', '200.00', '2017-01-16 13:30:00', 0, 0, 'false', '00:00:00', '00:00:00'),
(118, 4, 169, 0, '0.00', '0.00', '2.00', '2017-01-23 13:30:00', 0, 0, 'false', '00:00:00', '00:00:00'),
(119, 4, 169, 0, '0.00', '0.00', '3.00', '2017-01-30 13:30:00', 0, 0, 'false', '00:00:00', '00:00:00'),
(120, 4, 169, 0, '0.00', '0.00', '4.00', '2017-02-06 13:30:00', 0, 0, 'false', '00:00:00', '00:00:00'),
(121, 4, 169, 0, '200.00', '0.00', '200.00', '2017-01-16 14:00:00', 0, 0, 'false', '00:00:00', '00:00:00'),
(122, 4, 169, 0, '0.00', '0.00', '2.00', '2017-01-23 14:00:00', 0, 0, 'false', '00:00:00', '00:00:00'),
(123, 4, 169, 0, '0.00', '0.00', '3.00', '2017-01-30 14:00:00', 0, 0, 'false', '00:00:00', '00:00:00'),
(124, 4, 169, 0, '0.00', '0.00', '4.00', '2017-02-06 14:00:00', 0, 0, 'false', '00:00:00', '00:00:00'),
(125, 4, 168, 0, '100.00', '0.00', '100.00', '2017-01-16 14:30:00', 0, 0, 'false', '00:00:00', '00:00:00'),
(126, 4, 168, 0, '0.00', '0.00', '2.00', '2017-01-30 14:30:00', 0, 0, 'false', '00:00:00', '00:00:00'),
(127, 4, 168, 0, '100.00', '0.00', '100.00', '2017-01-16 15:00:00', 0, 0, 'false', '00:00:00', '00:00:00'),
(128, 4, 168, 0, '0.00', '0.00', '2.00', '2017-01-30 15:00:00', 0, 0, 'false', '00:00:00', '00:00:00'),
(129, 4, 168, 0, '100.00', '0.00', '100.00', '2017-01-16 15:30:00', 0, 0, 'false', '00:00:00', '00:00:00'),
(130, 4, 168, 0, '0.00', '0.00', '2.00', '2017-01-30 15:30:00', 0, 0, 'false', '00:00:00', '00:00:00'),
(131, 4, 168, 0, '100.00', '0.00', '100.00', '2017-01-16 16:00:00', 0, 0, 'false', '00:00:00', '00:00:00'),
(132, 4, 168, 0, '0.00', '0.00', '2.00', '2017-01-30 16:00:00', 0, 0, 'false', '00:00:00', '00:00:00'),
(133, 4, 169, 0, '200.00', '0.00', '200.00', '2017-01-16 16:30:00', 0, 6, 'false', '00:00:00', '00:00:00'),
(134, 4, 169, 0, '0.00', '0.00', '2.00', '2017-01-23 16:30:00', 0, 6, 'false', '00:00:00', '00:00:00'),
(135, 4, 169, 0, '0.00', '0.00', '3.00', '2017-01-30 16:30:00', 0, 6, 'false', '00:00:00', '00:00:00'),
(136, 4, 169, 0, '0.00', '0.00', '4.00', '2017-02-06 16:30:00', 0, 6, 'false', '00:00:00', '00:00:00'),
(137, 4, 168, 0, '100.00', '0.00', '100.00', '2017-01-16 17:00:00', 0, 7, 'false', '00:00:00', '00:00:00'),
(138, 4, 168, 0, '0.00', '0.00', '2.00', '2017-01-30 17:00:00', 0, 7, 'false', '00:00:00', '00:00:00'),
(139, 4, 169, 0, '200.00', '0.00', '200.00', '2017-01-23 17:00:00', 0, 8, 'false', '00:00:00', '00:00:00'),
(140, 4, 169, 0, '200.00', '0.00', '200.00', '2017-02-20 18:00:00', 0, 8, 'false', '00:00:00', '00:00:00'),
(141, 4, 169, 0, '200.00', '0.00', '200.00', '2017-02-06 17:00:00', 0, 8, 'false', '00:00:00', '00:00:00'),
(142, 4, 169, 0, '200.00', '0.00', '200.00', '2017-02-13 17:00:00', 0, 8, 'false', '00:00:00', '00:00:00'),
(143, 4, 169, 0, '200.00', '0.00', '200.00', '2017-01-23 17:30:00', 0, 9, 'false', '00:00:00', '00:00:00'),
(144, 4, 169, 0, '0.00', '0.00', '200.00', '2017-02-20 18:30:00', 0, 9, 'false', '00:00:00', '00:00:00'),
(145, 4, 169, 0, '0.00', '0.00', '200.00', '2017-02-06 17:30:00', 2, 9, 'false', '00:00:00', '00:00:00'),
(146, 4, 169, 0, '0.00', '0.00', '200.00', '2017-02-13 17:30:00', 0, 9, 'false', '00:00:00', '00:00:00'),
(147, 87, 207, 0, '200.00', '0.00', '200.00', '2017-01-01 12:00:00', 1, 10, 'false', '00:00:00', '00:00:00'),
(148, 87, 207, 0, '0.00', '0.00', '0.00', '2017-01-29 10:00:00', 0, 10, 'false', '00:00:00', '00:00:00'),
(149, 87, 207, 0, '0.00', '0.00', '0.00', '2017-01-15 10:00:00', 0, 10, 'false', '00:00:00', '00:00:00'),
(158, 361, 34, 0, '80.00', '0.00', '80.00', '2017-01-08 10:00:00', 1, 0, 'false', '00:00:00', '00:00:00'),
(151, 361, 34, 0, '80.00', '0.00', '80.00', '2017-01-15 11:30:00', 0, 0, 'false', '00:00:00', '00:00:00'),
(152, 361, 36, 1, '120.00', '10.00', '130.00', '2017-01-15 12:00:00', 0, 0, 'false', '00:00:00', '00:00:00'),
(153, 361, 155, 0, '200.00', '0.00', '200.00', '2017-01-28 10:30:00', 0, 11, 'false', '00:00:00', '00:00:00'),
(154, 361, 155, 1, '0.00', '10.00', '10.00', '2017-02-04 10:30:00', 2, 11, 'false', '00:00:00', '00:00:00'),
(155, 361, 155, 0, '0.00', '0.00', '0.00', '2017-02-11 10:30:00', 0, 11, 'false', '00:00:00', '00:00:00'),
(156, 361, 155, 0, '0.00', '0.00', '0.00', '2017-02-18 10:30:00', 0, 11, 'false', '00:00:00', '00:00:00'),
(159, 505, 109, 0, '80.00', '0.00', '80.00', '2017-01-08 10:30:00', 1, 0, 'false', '00:00:00', '00:00:00'),
(160, 389, 80, 0, '90.00', '0.00', '90.00', '2017-01-08 11:30:00', 1, 0, 'false', '00:00:00', '00:00:00'),
(161, 360, 85, 1, '80.00', '0.00', '80.00', '2017-01-08 12:00:00', 2, 0, 'false', '00:00:00', '00:00:00'),
(163, 391, 52, 0, '80.00', '0.00', '80.00', '2017-01-08 12:30:00', 2, 0, 'false', '00:00:00', '00:00:00'),
(164, 455, 70, 0, '80.00', '0.00', '80.00', '2017-01-08 13:00:00', 1, 0, 'false', '00:00:00', '00:00:00'),
(165, 233, 109, 0, '80.00', '0.00', '80.00', '2017-01-08 13:30:00', 1, 0, 'false', '00:00:00', '00:00:00'),
(166, 254, 109, 0, '80.00', '0.00', '80.00', '2017-01-08 14:00:00', 1, 0, 'false', '00:00:00', '00:00:00'),
(167, 148, 94, 0, '80.00', '0.00', '80.00', '2017-01-08 14:30:00', 1, 0, 'false', '00:00:00', '00:00:00'),
(168, 310, 85, 0, '80.00', '0.00', '80.00', '2017-01-08 15:00:00', 1, 0, 'false', '00:00:00', '00:00:00'),
(169, 124, 94, 0, '80.00', '0.00', '80.00', '2017-01-08 15:30:00', 1, 0, 'false', '00:00:00', '00:00:00'),
(170, 310, 85, 0, '80.00', '0.00', '80.00', '2017-01-08 16:00:00', 1, 0, 'false', '00:00:00', '00:00:00'),
(171, 505, 110, 0, '90.00', '0.00', '90.00', '2017-01-08 16:30:00', 1, 0, 'false', '00:00:00', '00:00:00'),
(172, 437, 58, 0, '80.00', '0.00', '80.00', '2017-01-08 17:30:00', 1, 0, 'false', '00:00:00', '00:00:00'),
(173, 416, 109, 0, '80.00', '0.00', '80.00', '2017-01-08 18:30:00', 1, 0, 'false', '00:00:00', '00:00:00'),
(174, 87, 110, 0, '90.00', '0.00', '90.00', '2017-01-08 17:00:00', 1, 0, 'false', '00:00:00', '00:00:00'),
(175, 418, 5, 0, '90.00', '0.00', '90.00', '2017-01-08 19:00:00', 1, 0, 'false', '00:00:00', '00:00:00'),
(176, 493, 109, 1, '80.00', '0.00', '80.00', '2017-01-08 10:00:00', 1, 0, 'false', '00:00:00', '00:00:00'),
(177, 281, 22, 0, '80.00', '0.00', '80.00', '2017-01-08 10:00:00', 2, 0, 'false', '00:00:00', '00:00:00'),
(178, 171, 109, 1, '80.00', '10.00', '90.00', '2017-01-09 18:00:00', 1, 0, 'false', '00:00:00', '00:00:00'),
(179, 520, 144, 1, '100.00', '0.00', '100.00', '2017-01-01 13:00:00', 1, 12, 'false', '00:00:00', '00:00:00'),
(180, 520, 144, 0, '0.00', '0.00', '0.00', '2017-01-15 10:00:00', 0, 12, 'false', '00:00:00', '00:00:00'),
(181, 151, 94, 0, '80.00', '0.00', '80.00', '2017-02-17 10:00:00', 0, 0, 'false', '00:00:00', '00:00:00'),
(183, 604, 210, 0, '20.00', '0.00', '20.00', '2017-03-12 12:00:00', 0, 0, '182', '00:00:00', '00:00:00'),
(184, 604, 210, 1, '20.00', '10.00', '30.00', '2017-03-13 13:00:00', 0, 0, 'true', '00:00:00', '00:00:00'),
(185, 604, 210, 1, '20.00', '10.00', '30.00', '2017-03-12 13:00:00', 1, 0, 'true', '00:00:00', '00:00:00'),
(186, 604, 210, 1, '20.00', '10.00', '30.00', '2017-03-12 13:00:00', 0, 0, '184', '00:00:00', '00:00:00'),
(187, 605, 212, 1, '20.00', '10.00', '30.00', '2017-03-12 13:00:00', 0, 0, '185', '00:00:00', '00:00:00'),
(188, 418, 10, 0, '80.00', '0.00', '80.00', '2017-03-12 15:00:00', 2, 0, 'true', '00:00:00', '00:00:00'),
(189, 420, 111, 0, '80.00', '0.00', '80.00', '2017-03-12 14:00:00', 0, 0, '188', '00:00:00', '00:00:00'),
(190, 417, 114, 0, '120.00', '0.00', '120.00', '2017-03-12 14:00:00', 0, 0, '188', '00:00:00', '00:00:00'),
(191, 419, 170, 0, '100.00', '0.00', '100.00', '2017-03-12 15:00:00', 0, 0, '188', '00:00:00', '00:00:00'),
(192, 600, 191, 1, '200.00', '10.00', '210.00', '2017-03-12 19:30:00', 1, 0, 'true', '00:00:00', '00:00:00'),
(193, 601, 211, 1, '30.00', '10.00', '40.00', '2017-03-12 19:30:00', 0, 0, '192', '00:00:00', '00:00:00'),
(194, 600, 190, 1, '100.00', '40.00', '140.00', '2017-03-12 18:00:00', 0, 13, 'false', '00:00:00', '00:00:00'),
(195, 600, 191, 1, '0.00', '0.00', '0.00', '2017-03-19 18:00:00', 0, 13, 'false', '00:00:00', '00:00:00'),
(196, 600, 191, 1, '0.00', '0.00', '0.00', '2017-03-26 18:00:00', 0, 13, 'false', '00:00:00', '00:00:00'),
(197, 600, 191, 1, '0.00', '0.00', '0.00', '2017-04-02 18:00:00', 0, 13, 'false', '00:00:00', '00:00:00'),
(198, 229, 193, 1, '200.00', '10.00', '210.00', '2017-03-12 17:00:00', 0, 0, 'false', '00:00:00', '00:00:00'),
(199, 418, 12, 1, '120.00', '10.00', '130.00', '2017-03-12 14:00:00', 0, 0, 'true', '00:00:00', '00:00:00'),
(200, 417, 112, 1, '80.00', '0.00', '80.00', '2017-03-12 14:00:00', 0, 0, '199', '00:00:00', '00:00:00'),
(201, 420, 109, 1, '80.00', '0.00', '80.00', '2017-03-12 14:00:00', 0, 0, '199', '00:00:00', '00:00:00'),
(202, 606, 85, 1, '80.00', '10.00', '90.00', '2017-03-13 14:00:00', 0, 0, 'true', '00:00:00', '00:00:00'),
(203, 604, 210, 1, '20.00', '0.00', '20.00', '2017-03-13 14:00:00', 0, 0, '202', '00:00:00', '00:00:00'),
(204, 198, 63, 0, '120.00', '0.00', '120.00', '2017-03-13 12:00:00', 0, 0, 'false', '00:00:00', '00:00:00'),
(205, 600, 85, 0, '80.00', '0.00', '80.00', '2017-03-13 12:00:00', 0, 0, 'false', '00:00:00', '00:00:00'),
(206, 600, 86, 0, '90.00', '0.00', '90.00', '2017-02-02 10:30:00', 2, 0, 'false', '00:00:00', '00:00:00'),
(207, 537, 86, 0, '90.00', '0.00', '90.00', '2017-02-02 11:00:00', 2, 0, 'false', '00:00:00', '00:00:00'),
(208, 87, 111, 0, '120.00', '0.00', '120.00', '2017-02-02 11:30:00', 2, 0, 'false', '00:00:00', '00:00:00'),
(209, 606, 85, 0, '80.00', '0.00', '80.00', '2017-07-25 11:00:00', 2, 0, 'true', '00:00:00', '00:00:00'),
(210, 605, 211, 0, '30.00', '0.00', '30.00', '2017-07-25 11:00:00', 0, 0, '209', '00:00:00', '00:00:00'),
(211, 484, 87, 1, '120.00', '10.00', '130.00', '2017-02-02 12:00:00', 2, 0, 'false', '00:00:00', '00:00:00'),
(212, 600, 86, 0, '90.00', '0.00', '90.00', '2017-08-22 11:00:00', 2, 0, 'true', '00:00:00', '00:00:00'),
(213, 601, 210, 0, '20.00', '0.00', '20.00', '2017-08-22 11:00:00', 0, 0, '212', '00:00:00', '00:00:00'),
(214, 600, 85, 0, '80.00', '0.00', '80.00', '2017-08-30 11:00:00', 2, 0, 'true', '00:00:00', '00:00:00'),
(215, 601, 212, 0, '40.00', '0.00', '40.00', '2017-08-30 11:00:00', 0, 0, '214', '00:00:00', '00:00:00'),
(216, 604, 210, 0, '20.00', '0.00', '20.00', '2017-08-24 11:00:00', 2, 0, 'true', '00:00:00', '00:00:00'),
(217, 605, 211, 0, '30.00', '0.00', '30.00', '2017-08-24 11:00:00', 0, 0, '216', '00:00:00', '00:00:00'),
(218, 606, 190, 0, '100.00', '0.00', '100.00', '2017-08-24 11:00:00', 0, 0, '216', '00:00:00', '00:00:00'),
(219, 118, 86, 1, '90.00', '10.00', '100.00', '2017-09-04 11:00:00', 2, 0, 'false', '00:00:00', '00:00:00'),
(220, 276, 111, 1, '120.00', '0.00', '120.00', '2017-02-02 12:30:00', 1, 0, 'false', '00:00:00', '00:00:00'),
(221, 361, 35, 1, '90.00', '10.00', '100.00', '2017-02-02 13:00:00', 2, 0, 'false', '17:03:48', '17:04:26'),
(222, 360, 85, 0, '80.00', '0.00', '80.00', '2017-09-20 11:00:00', 2, 0, 'false', '22:52:41', '22:52:44');

CREATE TABLE `financial` (
  `idFinancial` int(10) UNSIGNED NOT NULL,
  `sales_idSales` int(10) UNSIGNED DEFAULT NULL,
  `registerBuy` varchar(100) DEFAULT NULL,
  `valueProduct` decimal(10,2) DEFAULT NULL,
  `description` text,
  `dateDueFinancial` date DEFAULT NULL,
  `datePayFinancial` date DEFAULT NULL,
  `categoryExpenseFinancial` int(11) DEFAULT NULL,
  `methodPayment` int(11) DEFAULT NULL
) ENGINE=InnoDB DEFAULT CHARSET=utf8;

INSERT INTO `financial` (`idFinancial`, `sales_idSales`, `registerBuy`, `valueProduct`, `description`, `dateDueFinancial`, `datePayFinancial`, `categoryExpenseFinancial`, `methodPayment`) VALUES
(1, NULL, NULL, '200.00', 'Shampoo', '2017-06-30', '2017-06-30', 3, 1),
(2, NULL, NULL, '250.00', 'Condicionador', '2017-06-30', '0000-00-00', NULL, 1),
(3, 11, '20170720022605', '11.80', 'Entrada no caixa', '2017-07-20', '2017-07-20', NULL, 1),
(4, 12, '20170720022731', '17.70', 'Entrada no caixa', '2017-07-20', '2017-07-20', NULL, 1),
(5, 13, '20170720022731', '20.90', 'Entrada no caixa', '2017-07-20', '2017-07-20', NULL, 1),
(6, 14, '20170729012029', '5.90', 'Entrada no caixa', '2017-07-29', '2017-07-29', NULL, 1),
(7, 15, '20170729012240', '7.45', 'Entrada no caixa', '2017-07-29', '2017-07-29', NULL, 1),
(9, 16, '20170729013518', '90.00', 'Entrada no caixa', '2017-07-29', '2017-07-29', NULL, 1),
(10, 17, '20170729021804', '90.00', 'Entrada no caixa', '2017-07-29', '2017-07-29', NULL, 1),
(11, 18, '20170729021804', '10.50', 'Entrada no caixa', '2017-07-29', '2017-07-29', NULL, 1),
(12, 19, '20170729022838', '120.00', 'Entrada no caixa', '2017-07-29', '2017-07-29', NULL, 1),
(13, 20, '20170729022838', '35.00', 'Entrada no caixa', '2017-07-29', '2017-07-29', NULL, 1),
(14, 21, '20170729022911', '7.45', 'Entrada no caixa', '2017-07-29', '2017-07-29', NULL, 1),
(15, 22, '20170729025359', '80.00', 'Entrada no caixa', '2017-07-29', '2017-07-29', NULL, 1),
(16, 23, '20170729025359', '30.00', 'Entrada no caixa', '2017-07-29', '2017-07-29', NULL, 1),
(17, 24, '20170729025359', '31.50', 'Entrada no caixa', '2017-07-29', '2017-07-29', NULL, 1),
(18, 25, '20170815223631', '130.00', 'Entrada no caixa', '2017-08-15', '2017-08-15', NULL, 1),
(19, 26, '20170815223631', '20.90', 'Entrada no caixa', '2017-08-15', '2017-08-15', NULL, 1),
(20, 27, '20170815234337', '90.00', 'Entrada no caixa', '2017-08-15', '2017-08-15', NULL, 1),
(21, 28, '20170815234337', '20.00', 'Entrada no caixa', '2017-08-15', '2017-08-15', NULL, 1),
(22, 29, '20170815234337', '62.70', 'Entrada no caixa', '2017-08-15', '2017-08-15', NULL, 1),
(23, 30, '20170815234514', '90.00', 'Entrada no caixa', '2017-08-15', '2017-08-15', NULL, 1),
(24, 31, '20170815234514', '20.00', 'Entrada no caixa', '2017-08-15', '2017-08-15', NULL, 1),
(25, 32, '20170815234514', '62.70', 'Entrada no caixa', '2017-08-15', '2017-08-15', NULL, 1),
(26, 33, '20170815234708', '90.00', 'Entrada no caixa', '2017-08-15', '2017-08-15', NULL, 1),
(27, 34, '20170815234708', '20.00', 'Entrada no caixa', '2017-08-15', '2017-08-15', NULL, 1),
(28, 35, '20170815234708', '62.70', 'Entrada no caixa', '2017-08-15', '2017-08-15', NULL, 1),
(29, 36, '20170815234735', '90.00', 'Entrada no caixa', '2017-08-15', '2017-08-15', NULL, 1),
(30, 37, '20170815234735', '20.00', 'Entrada no caixa', '2017-08-15', '2017-08-15', NULL, 1),
(31, 38, '20170815234735', '62.70', 'Entrada no caixa', '2017-08-15', '2017-08-15', NULL, 1),
(32, 39, '20170815234756', '90.00', 'Entrada no caixa', '2017-08-15', '2017-08-15', NULL, 1),
(33, 40, '20170815234756', '20.00', 'Entrada no caixa', '2017-08-15', '2017-08-15', NULL, 1),
(34, 41, '20170815234756', '62.70', 'Entrada no caixa', '2017-08-15', '2017-08-15', NULL, 1),
(35, 42, '20170815235216', '90.00', 'Entrada no caixa', '2017-08-15', '2017-08-15', NULL, 1),
(36, 43, '20170815235216', '20.00', 'Entrada no caixa', '2017-08-15', '2017-08-15', NULL, 1),
(37, 44, '20170815235216', '62.70', 'Entrada no caixa', '2017-08-15', '2017-08-15', NULL, 1),
(38, 45, '20170815235242', '90.00', 'Entrada no caixa', '2017-08-15', '2017-08-15', NULL, 1),
(39, 46, '20170815235242', '20.00', 'Entrada no caixa', '2017-08-15', '2017-08-15', NULL, 1),
(40, 47, '20170815235242', '62.70', 'Entrada no caixa', '2017-08-15', '2017-08-15', NULL, 1),
(41, 48, '20170815235309', '90.00', 'Entrada no caixa', '2017-08-15', '2017-08-15', NULL, 1),
(42, 49, '20170815235309', '20.00', 'Entrada no caixa', '2017-08-15', '2017-08-15', NULL, 1),
(43, 50, '20170815235309', '62.70', 'Entrada no caixa', '2017-08-15', '2017-08-15', NULL, 1),
(44, 51, '20170815235551', '90.00', 'Entrada no caixa', '2017-08-15', '2017-08-15', NULL, 1),
(45, 52, '20170815235551', '20.00', 'Entrada no caixa', '2017-08-15', '2017-08-15', NULL, 1),
(46, 53, '20170815235551', '62.70', 'Entrada no caixa', '2017-08-15', '2017-08-15', NULL, 1),
(47, 54, '20170815235609', '90.00', 'Entrada no caixa', '2017-08-15', '2017-08-15', NULL, 1),
(48, 55, '20170815235609', '20.00', 'Entrada no caixa', '2017-08-15', '2017-08-15', NULL, 1),
(49, 56, '20170815235609', '62.70', 'Entrada no caixa', '2017-08-15', '2017-08-15', NULL, 1),
(50, 57, '20170815235706', '90.00', 'Entrada no caixa', '2017-08-15', '2017-08-15', NULL, 1),
(51, 58, '20170815235706', '20.00', 'Entrada no caixa', '2017-08-15', '2017-08-15', NULL, 1),
(52, 59, '20170815235706', '62.70', 'Entrada no caixa', '2017-08-15', '2017-08-15', NULL, 1),
(53, 60, '20170827002924', '14.00', 'Entrada no caixa', '2017-08-27', '2017-08-27', NULL, 1),
(54, 61, '20170827003208', '80.00', 'Entrada no caixa', '2017-08-27', '2017-08-27', NULL, 1),
(55, 62, '20170827003208', '40.00', 'Entrada no caixa', '2017-08-27', '2017-08-27', NULL, 1),
(56, 63, '20170827003208', '11.80', 'Entrada no caixa', '2017-08-27', '2017-08-27', NULL, 1),
(57, 64, '20170827003444', '80.00', 'Entrada no caixa', '2017-08-27', '2017-08-27', NULL, 1),
(58, 65, '20170827003444', '40.00', 'Entrada no caixa', '2017-08-27', '2017-08-27', NULL, 1),
(59, 66, '20170827003444', '11.80', 'Entrada no caixa', '2017-08-27', '2017-08-27', NULL, 1),
(60, 67, '20170827004337', '80.00', 'Entrada no caixa', '2017-08-27', '2017-08-27', NULL, 1),
(61, 68, '20170827004337', '40.00', 'Entrada no caixa', '2017-08-27', '2017-08-27', NULL, 1),
(62, 69, '20170827004337', '11.80', 'Entrada no caixa', '2017-08-27', '2017-08-27', NULL, 1),
(63, 70, '20170827004405', '80.00', 'Entrada no caixa', '2017-08-27', '2017-08-27', NULL, 1),
(64, 71, '20170827004405', '40.00', 'Entrada no caixa', '2017-08-27', '2017-08-27', NULL, 1),
(65, 72, '20170827004405', '11.80', 'Entrada no caixa', '2017-08-27', '2017-08-27', NULL, 1),
(66, 73, '20170827005302', '80.00', 'Entrada no caixa', '2017-08-27', '2017-08-27', NULL, 1),
(67, 74, '20170827005302', '40.00', 'Entrada no caixa', '2017-08-27', '2017-08-27', NULL, 1),
(68, 75, '20170827005302', '11.80', 'Entrada no caixa', '2017-08-27', '2017-08-27', NULL, 1),
(69, 76, '20170827005448', '80.00', 'Entrada no caixa', '2017-08-27', '2017-08-27', NULL, 1),
(70, 77, '20170827005448', '40.00', 'Entrada no caixa', '2017-08-27', '2017-08-27', NULL, 1),
(71, 78, '20170827005448', '11.80', 'Entrada no caixa', '2017-08-27', '2017-08-27', NULL, 1),
(72, 79, '20170827005815', '80.00', 'Entrada no caixa', '2017-08-27', '2017-08-27', NULL, 1),
(73, 80, '20170827005815', '40.00', 'Entrada no caixa', '2017-08-27', '2017-08-27', NULL, 1),
(74, 81, '20170827005815', '11.80', 'Entrada no caixa', '2017-08-27', '2017-08-27', NULL, 1),
(75, 82, '20170827005823', '80.00', 'Entrada no caixa', '2017-08-27', '2017-08-27', NULL, 1),
(76, 83, '20170827005823', '40.00', 'Entrada no caixa', '2017-08-27', '2017-08-27', NULL, 1),
(77, 84, '20170827005823', '11.80', 'Entrada no caixa', '2017-08-27', '2017-08-27', NULL, 1),
(78, 85, '20170827005836', '80.00', 'Entrada no caixa', '2017-08-27', '2017-08-27', NULL, 1),
(79, 86, '20170827005836', '40.00', 'Entrada no caixa', '2017-08-27', '2017-08-27', NULL, 1),
(80, 87, '20170827005836', '11.80', 'Entrada no caixa', '2017-08-27', '2017-08-27', NULL, 1),
(81, 88, '20170827005913', '80.00', 'Entrada no caixa', '2017-08-27', '2017-08-27', NULL, 1),
(82, 89, '20170827005913', '40.00', 'Entrada no caixa', '2017-08-27', '2017-08-27', NULL, 1),
(83, 90, '20170827005913', '11.80', 'Entrada no caixa', '2017-08-27', '2017-08-27', NULL, 1),
(84, 91, '20170827005934', '80.50', 'Entrada no caixa', '2017-08-27', '2017-08-27', NULL, 1),
(85, 92, '20170827010008', '80.50', 'Entrada no caixa', '2017-08-27', '2017-08-27', NULL, 1),
(86, 93, '20170827010309', '80.50', 'Entrada no caixa', '2017-08-27', '2017-08-27', NULL, 1),
(87, 94, '20170827010322', '80.50', 'Entrada no caixa', '2017-08-27', '2017-08-27', NULL, 1),
(88, 95, '20170827010636', '80.50', 'Entrada no caixa', '2017-08-27', '2017-08-27', NULL, 1),
(89, 96, '20170827010704', '80.50', 'Entrada no caixa', '2017-08-27', '2017-08-27', NULL, 1),
(90, 97, '20170827010744', '80.50', 'Entrada no caixa', '2017-08-27', '2017-08-27', NULL, 1),
(91, 98, '20170827010856', '80.50', 'Entrada no caixa', '2017-08-27', '2017-08-27', NULL, 1),
(92, 99, '20170827010947', '80.50', 'Entrada no caixa', '2017-08-27', '2017-08-27', NULL, 1),
(93, 100, '20170827011912', '80.50', 'Entrada no caixa', '2017-08-27', '2017-08-27', NULL, 1),
(94, 101, '20170827011957', '80.50', 'Entrada no caixa', '2017-08-27', '2017-08-27', NULL, 1),
(95, 102, '20170827012049', '80.50', 'Entrada no caixa', '2017-08-27', '2017-08-27', NULL, 1),
(96, 103, '20170827012123', '80.50', 'Entrada no caixa', '2017-08-27', '2017-08-27', NULL, 1),
(97, 104, '20170827012327', '80.50', 'Entrada no caixa', '2017-08-27', '2017-08-27', NULL, 1),
(98, 105, '20170827012539', '80.50', 'Entrada no caixa', '2017-08-27', '2017-08-27', NULL, 1),
(99, 106, '20170827012720', '80.50', 'Entrada no caixa', '2017-08-27', '2017-08-27', NULL, 1),
(100, 107, '20170827012822', '80.50', 'Entrada no caixa', '2017-08-27', '2017-08-27', NULL, 1),
(101, 108, '20170827012907', '80.50', 'Entrada no caixa', '2017-08-27', '2017-08-27', NULL, 1),
(102, 109, '20170827012937', '80.50', 'Entrada no caixa', '2017-08-27', '2017-08-27', NULL, 1),
(103, 110, '20170827013024', '80.50', 'Entrada no caixa', '2017-08-27', '2017-08-27', NULL, 1),
(104, 111, '20170827013151', '80.50', 'Entrada no caixa', '2017-08-27', '2017-08-27', NULL, 1),
(105, 112, '20170827013300', '80.50', 'Entrada no caixa', '2017-08-27', '2017-08-27', NULL, 1),
(106, 113, '20170827013716', '80.50', 'Entrada no caixa', '2017-08-27', '2017-08-27', NULL, 1),
(107, 114, '20170827013734', '80.50', 'Entrada no caixa', '2017-08-27', '2017-08-27', NULL, 1),
(108, 115, '20170827013841', '80.50', 'Entrada no caixa', '2017-08-27', '2017-08-27', NULL, 1),
(109, 116, '20170827014118', '80.50', 'Entrada no caixa', '2017-08-27', '2017-08-27', NULL, 1),
(110, 117, '20170827014332', '80.50', 'Entrada no caixa', '2017-08-27', '2017-08-27', NULL, 1),
(111, 118, '20170827014553', '22.35', 'Entrada no caixa', '2017-08-27', '2017-08-27', NULL, 1),
(112, 119, '20170827014618', '11.80', 'Entrada no caixa', '2017-08-27', '2017-08-27', NULL, 1),
(113, 120, '20170827014618', '62.70', 'Entrada no caixa', '2017-08-27', '2017-08-27', NULL, 1),
(114, 121, '20170827014647', '11.80', 'Entrada no caixa', '2017-08-27', '2017-08-27', NULL, 1),
(115, 122, '20170827014647', '62.70', 'Entrada no caixa', '2017-08-27', '2017-08-27', NULL, 1),
(116, 123, '20170827014701', '11.80', 'Entrada no caixa', '2017-08-27', '2017-08-27', NULL, 1),
(117, 124, '20170827014701', '62.70', 'Entrada no caixa', '2017-08-27', '2017-08-27', NULL, 1),
(118, 125, '20170827014825', '11.80', 'Entrada no caixa', '2017-08-27', '2017-08-27', NULL, 1),
(119, 126, '20170827014825', '62.70', 'Entrada no caixa', '2017-08-27', '2017-08-27', NULL, 1),
(120, 127, '20170827014946', '11.80', 'Entrada no caixa', '2017-08-27', '2017-08-27', NULL, 1),
(121, 128, '20170827014946', '62.70', 'Entrada no caixa', '2017-08-27', '2017-08-27', NULL, 1),
(122, 129, '20170827015233', '20.00', 'Entrada no caixa', '2017-08-27', '2017-08-27', NULL, 1),
(123, 130, '20170827015233', '30.00', 'Entrada no caixa', '2017-08-27', '2017-08-27', NULL, 1),
(124, 131, '20170827015233', '100.00', 'Entrada no caixa', '2017-08-27', '2017-08-27', NULL, 1),
(125, 132, '20170827015233', '17.70', 'Entrada no caixa', '2017-08-27', '2017-08-27', NULL, 1),
(126, 133, '20170827015233', '175.00', 'Entrada no caixa', '2017-08-27', '2017-08-27', NULL, 1),
(127, 134, '20170827015401', '20.00', 'Entrada no caixa', '2017-08-27', '2017-08-27', NULL, 1),
(128, 135, '20170827015401', '30.00', 'Entrada no caixa', '2017-08-27', '2017-08-27', NULL, 1),
(129, 136, '20170827015401', '100.00', 'Entrada no caixa', '2017-08-27', '2017-08-27', NULL, 1),
(130, 137, '20170827015401', '17.70', 'Entrada no caixa', '2017-08-27', '2017-08-27', NULL, 1),
(131, 138, '20170827015401', '175.00', 'Entrada no caixa', '2017-08-27', '2017-08-27', NULL, 1),
(132, 139, '20170827015439', '83.60', 'Entrada no caixa', '2017-08-27', '2017-08-27', NULL, 1),
(133, 140, '20170827132732', '11.80', 'Entrada no caixa', '2017-08-27', '2017-08-27', NULL, 1),
(134, NULL, NULL, '700.00', 'agua', '2017-09-08', '2017-09-05', NULL, 1),
(135, 141, '20170914103637', '20.90', 'Entrada no caixa', '2017-09-14', '2017-09-14', NULL, 1),
(136, 142, '20170914170456', '100.00', 'Entrada no caixa', '2017-09-14', '2017-09-14', NULL, 1),
(137, NULL, NULL, '100.00', 'Internet', '2017-10-05', '2017-10-06', 1, 1),
(138, NULL, NULL, '12.00', 'Compra de produtos: 4unidades de corrente guia tamanho 2', '2017-09-14', '2017-09-14', 4, 1),
(139, 143, '20170917224740', '5.90', 'Entrada no caixa', '2017-09-17', '2017-09-17', NULL, 1),
(140, 144, '20170917224740', '15.00', 'Entrada no caixa', '2017-09-17', '2017-09-17', NULL, 1),
(141, 145, '20170917225022', '5.90', 'Entrada no caixa', '2017-09-17', '2017-09-17', NULL, 1),
(142, 146, '20170917225022', '15.00', 'Entrada no caixa', '2017-09-17', '2017-09-17', NULL, 1),
(143, 147, '20170917225135', '5.90', 'Entrada no caixa', '2017-09-17', '2017-09-17', NULL, 1),
(144, 148, '20170917225135', '15.00', 'Entrada no caixa', '2017-09-17', '2017-09-17', NULL, 1),
(145, 149, '20170917225201', '17.70', 'Entrada no caixa', '2017-09-17', '2017-09-17', NULL, 1),
(146, 150, '20170917225201', '41.80', 'Entrada no caixa', '2017-09-17', '2017-09-17', NULL, 1),
(147, 151, '20170917225201', '41.80', 'Entrada no caixa', '2017-09-17', '2017-09-17', NULL, 1),
(148, 152, '20170917225221', '104.50', 'Entrada no caixa', '2017-09-17', '2017-09-17', NULL, 1),
(149, 153, '20170917225305', '80.00', 'Entrada no caixa', '2017-09-17', '2017-09-17', NULL, 1),
(150, 154, '20170917225305', '10.50', 'Entrada no caixa', '2017-09-17', '2017-09-17', NULL, 1),
(151, NULL, NULL, '250.00', 'Compra de produtos: 5unidades de ração', '2017-09-21', '2017-09-21', 4, 1),
(152, NULL, NULL, '300.00', 'Compra de produtos: 5 unidades de ração2', '2017-09-21', '2017-09-21', 4, 1),
(153, NULL, NULL, '350.00', 'Compra de produtos: 5 unidades de ração3', '2017-09-21', '2017-09-21', 4, 1),
(154, NULL, NULL, '250.00', 'Compra de produtos: 5 unidades de ração4', '2017-09-21', '2017-09-21', 4, 1),
(155, 156, '20170922000103', '650.00', 'Entrada no caixa', '2017-09-22', '2017-09-22', NULL, 1),
(156, 157, '20170922000229', '650.00', 'Entrada no caixa', '2017-09-22', '2017-09-22', NULL, 1),
(157, 158, '20170922000417', '650.00', 'Entrada no caixa', '2017-09-22', '2017-09-22', NULL, 1),
(158, 159, '20170922000439', '650.00', 'Entrada no caixa', '2017-09-22', '2017-09-22', NULL, 1),
(159, 160, '20170922000530', '650.00', 'Entrada no caixa', '2017-09-22', '2017-09-22', NULL, 1),
(160, 161, '20170922000621', '650.00', 'Entrada no caixa', '2017-09-22', '2017-09-22', NULL, 1),
(161, 162, '20170922000843', '650.00', 'Entrada no caixa', '2017-09-22', '2017-09-22', NULL, 1),
(162, 163, '20170922000903', '650.00', 'Entrada no caixa', '2017-09-22', '2017-09-22', NULL, 1),
(163, 164, '20170922001116', '650.00', 'Entrada no caixa', '2017-09-22', '2017-09-22', NULL, 1),
(164, 165, '20170922001157', '650.00', 'Entrada no caixa', '2017-09-22', '2017-09-22', NULL, 1),
(165, 166, '20170922001303', '650.00', 'Entrada no caixa', '2017-09-22', '2017-09-22', NULL, 1),
(166, 167, '20170922001534', '650.00', 'Entrada no caixa', '2017-09-22', '2017-09-22', NULL, 1),
(167, 168, '20170922001759', '650.00', 'Entrada no caixa', '2017-09-22', '2017-09-22', NULL, 1),
(168, 169, '20171001192449', '40.00', 'Entrada no caixa', '2017-10-01', '2017-10-01', NULL, 2),
(169, 170, '20171001203546', '910.00', 'Entrada no caixa', '2017-10-01', '2017-10-01', NULL, 1),
(170, NULL, NULL, '100.00', 'Internet', '2017-10-01', '2017-10-01', 1, NULL),
(171, 171, '20171007183242', '11.80', 'Entrada no caixa', '2017-10-07', '2017-10-07', NULL, 3),
(172, 172, '20171007183255', '10.00', 'Entrada no caixa', '2017-10-07', '2017-10-07', NULL, 2),
(173, 173, '20171015173759', '15.00', 'Entrada no caixa', '2017-10-15', '2017-10-15', NULL, 3);

CREATE TABLE `package` (
  `idPackage` int(11) NOT NULL,
  `date1` timestamp NOT NULL DEFAULT CURRENT_TIMESTAMP ON UPDATE CURRENT_TIMESTAMP,
  `week1` int(11) NOT NULL,
  `date2` timestamp NOT NULL DEFAULT '0000-00-00 00:00:00',
  `week2` int(11) NOT NULL,
  `date3` timestamp NOT NULL DEFAULT '0000-00-00 00:00:00',
  `week3` int(11) NOT NULL,
  `date4` timestamp NOT NULL DEFAULT '0000-00-00 00:00:00',
  `week4` int(11) NOT NULL
) ENGINE=InnoDB DEFAULT CHARSET=utf8;

INSERT INTO `package` (`idPackage`, `date1`, `week1`, `date2`, `week2`, `date3`, `week3`, `date4`, `week4`) VALUES
(1, '2017-01-16 14:00:00', 1, '2017-01-23 14:00:00', 2, '2017-01-30 14:00:00', 3, '2017-02-06 14:00:00', 4),
(2, '2017-01-16 16:00:00', 1, '2017-01-30 16:00:00', 2, '0000-00-00 00:00:00', 0, '0000-00-00 00:00:00', 0),
(3, '2017-01-16 16:30:00', 1, '2017-01-23 16:30:00', 2, '2017-01-30 16:30:00', 3, '2017-02-06 16:30:00', 4),
(4, '2017-01-16 16:30:00', 1, '2017-01-23 16:30:00', 2, '2017-01-30 16:30:00', 3, '2017-02-06 16:30:00', 4),
(5, '2017-01-16 16:30:00', 1, '2017-01-23 16:30:00', 2, '2017-01-30 16:30:00', 3, '2017-02-06 16:30:00', 4),
(6, '2017-01-16 16:30:00', 1, '2017-01-23 16:30:00', 2, '2017-01-30 16:30:00', 3, '2017-02-06 16:30:00', 4),
(7, '2017-01-16 17:00:00', 1, '2017-01-23 17:00:00', 2, '0000-00-00 00:00:00', 0, '0000-00-00 00:00:00', 0),
(8, '2017-01-23 17:00:00', 1, '2017-01-30 17:00:00', 2, '2017-02-06 17:00:00', 3, '2017-02-13 17:00:00', 4),
(9, '2017-01-23 17:30:00', 1, '2017-01-30 17:30:00', 2, '2017-02-06 17:30:00', 3, '2017-02-13 17:30:00', 4),
(10, '2017-01-01 12:00:00', 4, '2017-01-29 10:00:00', 2, '2017-01-15 10:00:00', 0, '2017-01-22 10:00:00', 1),
(11, '2017-01-28 10:30:00', 1, '2017-02-04 10:30:00', 4, '2017-02-11 10:30:00', 2, '2017-02-18 10:30:00', 3),
(12, '2017-01-01 13:00:00', 4, '2017-01-08 10:00:00', 0, '0000-00-00 00:00:00', -2, '0000-00-00 00:00:00', -2),
(13, '2017-03-12 18:00:00', 4, '2017-03-19 18:00:00', 1, '2017-03-26 18:00:00', 2, '2017-04-02 18:00:00', 3);

CREATE TABLE `product` (
  `idProduct` int(10) UNSIGNED NOT NULL,
  `barcodeProduct` varchar(255) DEFAULT NULL,
  `nameProduct` varchar(255) DEFAULT NULL,
  `valuationProduct` decimal(10,2) DEFAULT NULL,
  `quantityProduct` int(10) UNSIGNED DEFAULT NULL,
  `valuationBuyProduct` decimal(10,2) DEFAULT '0.00'
) ENGINE=InnoDB DEFAULT CHARSET=utf8;

INSERT INTO `product` (`idProduct`, `barcodeProduct`, `nameProduct`, `valuationProduct`, `quantityProduct`, `valuationBuyProduct`) VALUES
(1, '0001', 'Coleira', '5.90', 8, '9.59'),
(2, '0002', 'Osso', '7.45', 20, '0.00'),
(3, '0003', 'Biscoito', '3.50', 100, '0.00'),
(4, '0004', 'Roupa P', '20.90', 0, '0.00'),
(5, '0005', 'cama média', '90.00', 14, '0.00'),
(6, '0006', 'casinha grande', '149.99', 5, '100.00'),
(7, '0007', 'Osso de brinquedo ', '15.00', 5, '10.00'),
(8, '0008', 'corrente guia tamanho 3', '5.00', 0, '3.00'),
(9, '1009', 'corrente guia tamanho 2', '5.00', 2, '3.00'),
(10, '12345', 'ração4', '130.00', 5, '50.00');

CREATE TABLE `sales` (
  `idSales` int(10) UNSIGNED NOT NULL,
  `diary_idDiary` int(10) UNSIGNED DEFAULT NULL,
  `product_idProduct` int(10) UNSIGNED DEFAULT NULL,
  `quantityProductSales` int(10) UNSIGNED DEFAULT NULL,
  `valuationUnitSales` decimal(10,2) DEFAULT NULL
) ENGINE=InnoDB DEFAULT CHARSET=utf8;

INSERT INTO `sales` (`idSales`, `diary_idDiary`, `product_idProduct`, `quantityProductSales`, `valuationUnitSales`) VALUES
(1, NULL, 2, 1, '7.45'),
(2, NULL, 1, 3, '5.90'),
(3, NULL, 2, 2, '7.45'),
(4, NULL, 6, 1, '150.99'),
(5, NULL, 3, 5, '3.50'),
(6, NULL, 2, 4, '7.45'),
(7, NULL, 1, 2, '5.90'),
(8, NULL, 1, 2, '5.90'),
(9, NULL, 2, 3, '7.45'),
(10, NULL, 1, 2, '5.90'),
(11, NULL, 1, 2, '5.90'),
(12, NULL, 1, 3, '5.90'),
(13, NULL, 4, 1, '20.90'),
(14, NULL, 1, 1, '5.90'),
(15, 206, 0, 1, '7.45'),
(16, 206, NULL, 1, '90.00'),
(17, 100, 0, 1, '90.00'),
(18, NULL, 3, 3, '3.50'),
(19, 208, 0, 1, '120.00'),
(20, NULL, 3, 10, '3.50'),
(21, NULL, 2, 1, '7.45'),
(22, 209, 0, 1, '80.00'),
(23, 210, 0, 1, '30.00'),
(24, NULL, 3, 9, '3.50'),
(25, 211, 0, 1, '130.00'),
(26, NULL, 4, 1, '20.90'),
(27, 212, 0, 1, '90.00'),
(28, 213, 0, 1, '20.00'),
(29, NULL, 4, 3, '20.90'),
(30, 212, 0, 1, '90.00'),
(31, 213, 0, 1, '20.00'),
(32, NULL, 4, 3, '20.90'),
(33, 212, 0, 1, '90.00'),
(34, 213, 0, 1, '20.00'),
(35, NULL, 4, 3, '20.90'),
(36, 212, 0, 1, '90.00'),
(37, 213, 0, 1, '20.00'),
(38, NULL, 4, 3, '20.90'),
(39, 212, 0, 1, '90.00'),
(40, 213, 0, 1, '20.00'),
(41, NULL, 4, 3, '20.90'),
(42, 212, 0, 1, '90.00'),
(43, 213, 0, 1, '20.00'),
(44, NULL, 4, 3, '20.90'),
(45, 212, 0, 1, '90.00'),
(46, 213, 0, 1, '20.00'),
(47, NULL, 4, 3, '20.90'),
(48, 212, 0, 1, '90.00'),
(49, 213, 0, 1, '20.00'),
(50, NULL, 4, 3, '20.90'),
(51, 212, 0, 1, '90.00'),
(52, 213, 0, 1, '20.00'),
(53, NULL, 4, 3, '20.90'),
(54, 212, 0, 1, '90.00'),
(55, 213, 0, 1, '20.00'),
(56, NULL, 4, 3, '20.90'),
(57, 212, 0, 1, '90.00'),
(58, 213, 0, 1, '20.00'),
(59, NULL, 4, 3, '20.90'),
(60, NULL, 3, 4, '3.50'),
(61, 214, 0, 1, '80.00'),
(62, 215, 0, 1, '40.00'),
(63, NULL, 1, 2, '5.90'),
(64, 214, 0, 1, '80.00'),
(65, 215, 0, 1, '40.00'),
(66, NULL, 1, 2, '5.90'),
(67, 214, 0, 1, '80.00'),
(68, 215, 0, 1, '40.00'),
(69, NULL, 1, 2, '5.90'),
(70, 214, 0, 1, '80.00'),
(71, 215, 0, 1, '40.00'),
(72, NULL, 1, 2, '5.90'),
(73, 214, 0, 1, '80.00'),
(74, 215, 0, 1, '40.00'),
(75, NULL, 1, 2, '5.90'),
(76, 214, 0, 1, '80.00'),
(77, 215, 0, 1, '40.00'),
(78, NULL, 1, 2, '5.90'),
(79, 214, 0, 1, '80.00'),
(80, 215, 0, 1, '40.00'),
(81, NULL, 1, 2, '5.90'),
(82, 214, 0, 1, '80.00'),
(83, 215, 0, 1, '40.00'),
(84, NULL, 1, 2, '5.90'),
(85, 214, 0, 1, '80.00'),
(86, 215, 0, 1, '40.00'),
(87, NULL, 1, 2, '5.90'),
(88, 214, 0, 1, '80.00'),
(89, 215, 0, 1, '40.00'),
(90, NULL, 1, 2, '5.90'),
(91, NULL, 3, 23, '3.50'),
(92, NULL, 3, 23, '3.50'),
(93, NULL, 3, 23, '3.50'),
(94, NULL, 3, 23, '3.50'),
(95, NULL, 3, 23, '3.50'),
(96, NULL, 3, 23, '3.50'),
(97, NULL, 3, 23, '3.50'),
(98, NULL, 3, 23, '3.50'),
(99, NULL, 3, 23, '3.50'),
(100, NULL, 3, 23, '3.50'),
(101, NULL, 3, 23, '3.50'),
(102, NULL, 3, 23, '3.50'),
(103, NULL, 3, 23, '3.50'),
(104, NULL, 3, 23, '3.50'),
(105, NULL, 3, 23, '3.50'),
(106, NULL, 3, 23, '3.50'),
(107, NULL, 3, 23, '3.50'),
(108, NULL, 3, 23, '3.50'),
(109, NULL, 3, 23, '3.50'),
(110, NULL, 3, 23, '3.50'),
(111, NULL, 3, 23, '3.50'),
(112, NULL, 3, 23, '3.50'),
(113, NULL, 3, 23, '3.50'),
(114, NULL, 3, 23, '3.50'),
(115, NULL, 3, 23, '3.50'),
(116, NULL, 3, 23, '3.50'),
(117, NULL, 3, 23, '3.50'),
(118, NULL, 2, 3, '7.45'),
(119, NULL, 1, 2, '5.90'),
(120, NULL, 4, 3, '20.90'),
(121, NULL, 1, 2, '5.90'),
(122, NULL, 4, 3, '20.90'),
(123, NULL, 1, 2, '5.90'),
(124, NULL, 4, 3, '20.90'),
(125, NULL, 1, 2, '5.90'),
(126, NULL, 4, 3, '20.90'),
(127, NULL, 1, 2, '5.90'),
(128, NULL, 4, 3, '20.90'),
(129, 216, 0, 1, '20.00'),
(130, 217, 0, 1, '30.00'),
(131, 218, 0, 1, '100.00'),
(132, NULL, 1, 3, '5.90'),
(133, NULL, 3, 50, '3.50'),
(134, 216, 0, 1, '20.00'),
(135, 217, 0, 1, '30.00'),
(136, 218, 0, 1, '100.00'),
(137, NULL, 1, 3, '5.90'),
(138, NULL, 3, 50, '3.50'),
(139, NULL, 4, 4, '20.90'),
(140, NULL, 1, 2, '5.90'),
(141, NULL, 4, 1, '20.90'),
(142, 221, 0, 1, '100.00'),
(143, NULL, 1, 1, '5.90'),
(144, NULL, 9, 3, '5.00'),
(145, NULL, 1, 1, '5.90'),
(146, NULL, 9, 3, '5.00'),
(147, NULL, 1, 1, '5.90'),
(148, NULL, 9, 3, '5.00'),
(149, NULL, 1, 3, '5.90'),
(150, NULL, 4, 2, '20.90'),
(151, NULL, 4, 2, '20.90'),
(152, NULL, 4, 5, '20.90'),
(153, 222, 0, 1, '80.00'),
(154, NULL, 3, 3, '3.50'),
(155, NULL, 12345, 5, '130.00'),
(156, NULL, 12345, 5, '130.00'),
(157, NULL, 12345, 5, '130.00'),
(158, NULL, 12345, 5, '130.00'),
(159, NULL, 12345, 5, '130.00'),
(160, NULL, 12345, 5, '130.00'),
(161, NULL, 12345, 5, '130.00'),
(162, NULL, 12345, 5, '130.00'),
(163, NULL, 12345, 5, '130.00'),
(164, NULL, 12345, 5, '130.00'),
(165, NULL, 12345, 5, '130.00'),
(166, NULL, 12345, 5, '130.00'),
(167, NULL, 12345, 5, '130.00'),
(168, NULL, 12345, 5, '130.00'),
(169, NULL, 8, 8, '5.00'),
(170, NULL, 12345, 7, '130.00'),
(171, NULL, 1, 2, '5.90'),
(172, NULL, 1009, 2, '5.00'),
(173, NULL, 8, 3, '5.00');

CREATE TABLE `servic` (
  `idServic` int(10) NOT NULL,
  `breed_idBreed` int(10) UNSIGNED NOT NULL,
  `nameServic` varchar(100) COLLATE utf8_unicode_ci DEFAULT NULL,
  `sizeAnimal` int(10) UNSIGNED DEFAULT '0',
  `valuation` decimal(10,2) DEFAULT NULL,
  `package` int(11) NOT NULL DEFAULT '0'
) ENGINE=MyISAM DEFAULT CHARSET=utf8 COLLATE=utf8_unicode_ci;

INSERT INTO `servic` (`idServic`, `breed_idBreed`, `nameServic`, `sizeAnimal`, `valuation`, `package`) VALUES
(1, 1, 'Banho', 0, '80.00', 0),
(2, 1, 'Banho+Higienica', 0, '90.00', 0),
(3, 1, 'Banho+Tosa', 0, '120.00', 0),
(4, 2, 'Banho', 0, '80.00', 0),
(5, 2, 'Banho+Tosa', 0, '90.00', 0),
(6, 2, 'Banho+Higienica', 0, '120.00', 0),
(7, 3, 'Banho', 0, '80.00', 0),
(8, 3, 'Banho+Tosa', 0, '90.00', 0),
(9, 3, 'Banho+Higienica', 0, '120.00', 0),
(10, 4, 'Banho', 0, '80.00', 0),
(11, 4, 'Banho+Tosa', 0, '90.00', 0),
(12, 4, 'Banho+Higienica', 0, '120.00', 0),
(13, 5, 'Banho', 0, '80.00', 0),
(14, 5, 'Banho+Tosa', 0, '90.00', 0),
(15, 5, 'Banho+Higienica', 0, '120.00', 0),
(16, 6, 'Banho', 0, '80.00', 0),
(17, 6, 'Banho+Tosa', 0, '90.00', 0),
(18, 6, 'Banho+Higienica', 0, '120.00', 0),
(19, 7, 'Banho', 0, '80.00', 0),
(20, 7, 'Banho+Tosa', 0, '90.00', 0),
(21, 7, 'Banho+Higienica', 0, '120.00', 0),
(22, 8, 'Banho', 0, '80.00', 0),
(23, 8, 'Banho+Tosa', 0, '90.00', 0),
(24, 8, 'Banho+Higienica', 0, '120.00', 0),
(25, 9, 'Banho', 0, '80.00', 0),
(26, 9, 'Banho+Tosa', 0, '90.00', 0),
(27, 9, 'Banho+Higienica', 0, '120.00', 0),
(28, 10, 'Banho', 0, '80.00', 0),
(29, 10, 'Banho+Tosa', 0, '90.00', 0),
(30, 10, 'Banho+Higienica', 0, '120.00', 0),
(31, 11, 'Banho', 0, '80.00', 0),
(32, 11, 'Banho+Tosa', 0, '90.00', 0),
(33, 11, 'Banho+Higienica', 0, '120.00', 0),
(34, 12, 'Banho', 0, '80.00', 0),
(35, 12, 'Banho+Tosa', 0, '90.00', 0),
(36, 12, 'Banho+Higienica', 0, '120.00', 0),
(37, 13, 'Banho', 0, '80.00', 0),
(38, 13, 'Banho+Tosa', 0, '90.00', 0),
(39, 13, 'Banho+Higienica', 0, '120.00', 0),
(40, 14, 'Banho', 0, '80.00', 0),
(41, 14, 'Banho+Tosa', 0, '90.00', 0),
(42, 14, 'Banho+Higienica', 0, '120.00', 0),
(43, 15, 'Banho', 0, '80.00', 0),
(44, 15, 'Banho+Tosa', 0, '90.00', 0),
(45, 15, 'Banho+Higienica', 0, '120.00', 0),
(46, 16, 'Banho', 0, '80.00', 0),
(47, 16, 'Banho+Tosa', 0, '90.00', 0),
(48, 16, 'Banho+Higienica', 0, '120.00', 0),
(49, 17, 'Banho', 0, '80.00', 0),
(50, 17, 'Banho+Tosa', 0, '90.00', 0),
(51, 17, 'Banho+Higienica', 0, '120.00', 0),
(52, 18, 'Banho', 0, '80.00', 0),
(53, 18, 'Banho+Tosa', 0, '90.00', 0),
(54, 18, 'Banho+Higienica', 0, '120.00', 0),
(55, 19, 'Banho', 0, '80.00', 0),
(56, 19, 'Banho+Tosa', 0, '90.00', 0),
(57, 19, 'Banho+Higienica', 0, '120.00', 0),
(58, 20, 'Banho', 0, '80.00', 0),
(59, 20, 'Banho+Tosa', 0, '90.00', 0),
(60, 20, 'Banho+Higienica', 0, '120.00', 0),
(61, 21, 'Banho', 0, '80.00', 0),
(62, 21, 'Banho+Tosa', 0, '90.00', 0),
(63, 21, 'Banho+Higienica', 0, '120.00', 0),
(64, 22, 'Banho', 0, '80.00', 0),
(65, 22, 'Banho+Tosa', 0, '90.00', 0),
(66, 22, 'Banho+Higienica', 0, '120.00', 0),
(67, 23, 'Banho', 0, '80.00', 0),
(68, 23, 'Banho+Tosa', 0, '90.00', 0),
(69, 23, 'Banho+Higienica', 0, '120.00', 0),
(70, 24, 'Banho', 0, '80.00', 0),
(71, 24, 'Banho+Tosa', 0, '90.00', 0),
(72, 24, 'Banho+Higienica', 0, '120.00', 0),
(73, 25, 'Banho', 0, '80.00', 0),
(74, 25, 'Banho+Tosa', 0, '90.00', 0),
(75, 25, 'Banho+Higienica', 0, '120.00', 0),
(76, 26, 'Banho', 0, '80.00', 0),
(77, 26, 'Banho+Tosa', 0, '90.00', 0),
(78, 26, 'Banho+Higienica', 0, '120.00', 0),
(79, 27, 'Banho', 0, '80.00', 0),
(80, 27, 'Banho+Tosa', 0, '90.00', 0),
(81, 27, 'Banho+Higienica', 0, '120.00', 0),
(82, 28, 'Banho', 0, '80.00', 0),
(83, 28, 'Banho+Tosa', 0, '90.00', 0),
(84, 28, 'Banho+Higienica', 0, '120.00', 0),
(85, 29, 'Banho', 0, '80.00', 0),
(86, 29, 'Banho+Tosa', 0, '90.00', 0),
(87, 29, 'Banho+Higienica', 0, '120.00', 0),
(88, 30, 'Banho', 0, '80.00', 0),
(89, 30, 'Banho+Tosa', 0, '90.00', 0),
(90, 30, 'Banho+Higienica', 0, '120.00', 0),
(91, 31, 'Banho', 0, '80.00', 0),
(92, 31, 'Banho+Tosa', 0, '90.00', 0),
(93, 31, 'Banho+Higienica', 0, '120.00', 0),
(94, 32, 'Banho', 0, '80.00', 0),
(95, 32, 'Banho+Tosa', 0, '90.00', 0),
(96, 32, 'Banho+Higienica', 0, '120.00', 0),
(97, 33, 'Banho', 0, '80.00', 0),
(98, 33, 'Banho+Tosa', 0, '90.00', 0),
(99, 33, 'Banho+Higienica', 0, '120.00', 0),
(100, 34, 'Banho', 0, '80.00', 0),
(101, 34, 'Banho+Tosa', 0, '90.00', 0),
(102, 34, 'Banho+Higienica', 0, '120.00', 0),
(103, 35, 'Banho', 0, '80.00', 0),
(104, 35, 'Banho+Tosa', 0, '90.00', 0),
(105, 35, 'Banho+Higienica', 0, '120.00', 0),
(106, 36, 'Banho', 0, '80.00', 0),
(107, 36, 'Banho+Tosa', 0, '90.00', 0),
(108, 36, 'Banho+Higienica', 0, '120.00', 0),
(109, 37, 'Banho', 0, '80.00', 0),
(110, 37, 'Banho+Tosa', 0, '90.00', 0),
(111, 37, 'Banho+Higienica', 0, '120.00', 0),
(112, 38, 'Banho', 0, '80.00', 0),
(113, 38, 'Banho+Tosa', 0, '90.00', 0),
(114, 38, 'Banho+Higienica', 0, '120.00', 0),
(134, 3, 'Pacote 15', NULL, '100.00', 1),
(133, 2, 'Pacote 30', NULL, '200.00', 2),
(132, 2, 'Pacote 15', NULL, '100.00', 1),
(131, 1, 'Pacote 30', NULL, '200.00', 2),
(130, 1, 'Pacote 15', NULL, '100.00', 1),
(138, 5, 'Pacote 15', NULL, '100.00', 1),
(137, 4, 'Pacote 30', NULL, '200.00', 2),
(136, 4, 'Pacote 15', NULL, '100.00', 1),
(135, 3, 'Pacote 30', NULL, '200.00', 2),
(139, 5, 'Pacote 30', NULL, '200.00', 2),
(140, 6, 'Pacote 15', NULL, '100.00', 1),
(141, 6, 'Pacote 30', NULL, '200.00', 2),
(142, 7, 'Pacote 15', NULL, '100.00', 1),
(143, 7, 'Pacote 30', NULL, '200.00', 2),
(144, 40, 'Pacote 15', NULL, '100.00', 1),
(145, 40, 'Pacote 30', NULL, '200.00', 2),
(146, 8, 'Pacote 15', NULL, '100.00', 1),
(147, 8, 'Pacote 30', NULL, '200.00', 2),
(148, 9, 'Pacote 15', NULL, '100.00', 1),
(149, 9, 'Pacote 30', NULL, '200.00', 2),
(150, 10, 'Pacote 15', NULL, '100.00', 1),
(151, 10, 'Pacote 30', NULL, '200.00', 2),
(152, 11, 'Pacote 15', NULL, '100.00', 1),
(153, 11, 'Pacote 30', NULL, '200.00', 2),
(154, 12, 'Pacote 15', NULL, '100.00', 1),
(155, 12, 'Pacote 30', NULL, '200.00', 2),
(156, 13, 'Pacote 15', NULL, '100.00', 1),
(157, 13, 'Pacote 30', NULL, '200.00', 2),
(158, 14, 'Pacote 15', NULL, '100.00', 1),
(159, 14, 'Pacote 30', NULL, '200.00', 2),
(160, 15, 'Pacote 15', NULL, '100.00', 1),
(161, 15, 'Pacote 30', NULL, '200.00', 2),
(162, 16, 'Pacote 15', NULL, '100.00', 1),
(163, 16, 'Pacote 30', NULL, '200.00', 2),
(164, 17, 'Pacote 15', NULL, '100.00', 1),
(165, 17, 'Pacote 30', NULL, '200.00', 2),
(166, 18, 'Pacote 15', NULL, '100.00', 1),
(167, 18, 'Pacote 30', NULL, '200.00', 2),
(168, 19, 'Pacote 15', NULL, '100.00', 1),
(169, 19, 'Pacote 30', NULL, '200.00', 2),
(170, 20, 'Pacote 15', NULL, '100.00', 1),
(171, 20, 'Pacote 30', NULL, '200.00', 2),
(172, 21, 'Pacote 15', NULL, '100.00', 1),
(173, 21, 'Pacote 30', NULL, '200.00', 2),
(174, 22, 'Pacote 15', NULL, '100.00', 1),
(175, 22, 'Pacote 30', NULL, '200.00', 2),
(176, 23, 'Pacote 15', NULL, '100.00', 1),
(177, 23, 'Pacote 30', NULL, '200.00', 2),
(178, 24, 'Pacote 15', NULL, '100.00', 1),
(179, 24, 'Pacote 30', NULL, '200.00', 2),
(180, 42, 'Pacote 15', NULL, '100.00', 1),
(181, 42, 'Pacote 30', NULL, '200.00', 2),
(182, 25, 'Pacote 15', NULL, '100.00', 1),
(183, 25, 'Pacote 30', NULL, '200.00', 2),
(184, 26, 'Pacote 15', NULL, '100.00', 1),
(185, 26, 'Pacote 30', NULL, '200.00', 2),
(186, 27, 'Pacote 15', NULL, '100.00', 1),
(187, 27, 'Pacote 30', NULL, '200.00', 2),
(188, 28, 'Pacote 15', NULL, '100.00', 1),
(189, 28, 'Pacote 30', NULL, '200.00', 2),
(190, 29, 'Pacote 15', NULL, '100.00', 1),
(191, 29, 'Pacote 30', NULL, '200.00', 2),
(192, 30, 'Pacote 15', NULL, '100.00', 1),
(193, 30, 'Pacote 30', NULL, '200.00', 2),
(194, 31, 'Pacote 15', NULL, '100.00', 1),
(195, 31, 'Pacote 30', NULL, '200.00', 2),
(196, 32, 'Pacote 15', NULL, '100.00', 1),
(197, 32, 'Pacote 30', NULL, '200.00', 2),
(198, 33, 'Pacote 15', NULL, '100.00', 1),
(199, 33, 'Pacote 30', NULL, '200.00', 2),
(200, 34, 'Pacote 15', NULL, '100.00', 1),
(201, 34, 'Pacote 30', NULL, '200.00', 2),
(202, 35, 'Pacote 15', NULL, '100.00', 1),
(203, 35, 'Pacote 30', NULL, '200.00', 2),
(204, 36, 'Pacote 15', NULL, '100.00', 1),
(205, 36, 'Pacote 30', NULL, '200.00', 2),
(206, 37, 'Pacote 15', NULL, '100.00', 1),
(207, 37, 'Pacote 30', NULL, '200.00', 2),
(208, 38, 'Pacote 15', NULL, '100.00', 1),
(209, 38, 'Pacote 30', NULL, '200.00', 2),
(210, 53, 'Banho', 0, '20.00', 0),
(211, 53, 'Banho+Higienica', 0, '30.00', 0),
(212, 53, 'Banho+Tosa', 0, '40.00', 0),
(213, 53, 'Pacote 15', 0, '100.00', 1),
(214, 53, 'Pacote 30', 0, '150.00', 2);

CREATE TABLE `treasurer` (
  `idTreasurer` int(10) UNSIGNED NOT NULL,
  `startingMoneyDayTreasurer` decimal(10,2) DEFAULT NULL,
  `closingMoneyDayTreasurer` decimal(10,2) DEFAULT NULL,
  `moneyDrawerTreasurer` decimal(10,2) DEFAULT NULL,
  `moneySavingsTreasurer` decimal(10,2) DEFAULT NULL,
  `moneyBankTreasurer` decimal(10,2) DEFAULT NULL,
  `dateRegistryTreasurer` datetime DEFAULT NULL
) ENGINE=MyISAM DEFAULT CHARSET=utf8;

INSERT INTO `treasurer` (`idTreasurer`, `startingMoneyDayTreasurer`, `closingMoneyDayTreasurer`, `moneyDrawerTreasurer`, `moneySavingsTreasurer`, `moneyBankTreasurer`, `dateRegistryTreasurer`) VALUES
(1, '100.00', '410.35', '510.35', '500.00', '600.00', '2017-09-29 16:36:44'),
(12, '210.00', '850.00', '1020.00', '1300.35', '740.00', '2017-10-01 22:56:42'),
(3, '710.35', '600.00', '210.35', '1300.00', '700.00', '2017-09-30 19:10:21'),
(13, '1020.00', NULL, '1020.00', '1300.35', '740.00', '2017-10-17 23:29:59');


ALTER TABLE `address`
  ADD PRIMARY KEY (`idAddress`);

ALTER TABLE `animal_owner`
  ADD PRIMARY KEY (`idOwner`,`client_idClient`),
  ADD KEY `animal_owner_FKIndex1` (`client_idClient`);

ALTER TABLE `breed`
  ADD PRIMARY KEY (`idBreed`);

ALTER TABLE `category_expense_financial`
  ADD PRIMARY KEY (`idCategoryExpenseFinancial`);

ALTER TABLE `client`
  ADD PRIMARY KEY (`idClient`),
  ADD KEY `client_FKIndex1` (`address_idAddress`),
  ADD KEY `client_FKIndex2` (`breed_idBreed`);

ALTER TABLE `diary`
  ADD PRIMARY KEY (`idDiary`),
  ADD KEY `diary_FKIndex1` (`client_idClient`),
  ADD KEY `diary_FKIndex2` (`servic_idServic`);

ALTER TABLE `financial`
  ADD PRIMARY KEY (`idFinancial`),
  ADD KEY `financial_FKIndex1` (`sales_idSales`);

ALTER TABLE `package`
  ADD PRIMARY KEY (`idPackage`);

ALTER TABLE `product`
  ADD PRIMARY KEY (`idProduct`);

ALTER TABLE `sales`
  ADD PRIMARY KEY (`idSales`),
  ADD KEY `sales_FKIndex1` (`product_idProduct`),
  ADD KEY `sales_FKIndex2` (`diary_idDiary`);

ALTER TABLE `servic`
  ADD PRIMARY KEY (`idServic`),
  ADD KEY `servic_FKIndex1` (`breed_idBreed`);

ALTER TABLE `treasurer`
  ADD PRIMARY KEY (`idTreasurer`);


ALTER TABLE `address`
  MODIFY `idAddress` int(10) UNSIGNED NOT NULL AUTO_INCREMENT, AUTO_INCREMENT=62;
ALTER TABLE `breed`
  MODIFY `idBreed` int(10) UNSIGNED NOT NULL AUTO_INCREMENT, AUTO_INCREMENT=54;
ALTER TABLE `category_expense_financial`
  MODIFY `idCategoryExpenseFinancial` int(10) UNSIGNED NOT NULL AUTO_INCREMENT, AUTO_INCREMENT=7;
ALTER TABLE `client`
  MODIFY `idClient` int(10) UNSIGNED NOT NULL AUTO_INCREMENT, AUTO_INCREMENT=607;
ALTER TABLE `diary`
  MODIFY `idDiary` int(10) UNSIGNED NOT NULL AUTO_INCREMENT, AUTO_INCREMENT=223;
ALTER TABLE `financial`
  MODIFY `idFinancial` int(10) UNSIGNED NOT NULL AUTO_INCREMENT, AUTO_INCREMENT=174;
ALTER TABLE `package`
  MODIFY `idPackage` int(11) NOT NULL AUTO_INCREMENT, AUTO_INCREMENT=14;
ALTER TABLE `product`
  MODIFY `idProduct` int(10) UNSIGNED NOT NULL AUTO_INCREMENT, AUTO_INCREMENT=11;
ALTER TABLE `sales`
  MODIFY `idSales` int(10) UNSIGNED NOT NULL AUTO_INCREMENT, AUTO_INCREMENT=174;
ALTER TABLE `servic`
  MODIFY `idServic` int(10) NOT NULL AUTO_INCREMENT, AUTO_INCREMENT=215;
ALTER TABLE `treasurer`
  MODIFY `idTreasurer` int(10) UNSIGNED NOT NULL AUTO_INCREMENT, AUTO_INCREMENT=14;