-- phpMyAdmin SQL Dump
-- version 4.0.4.2
-- http://www.phpmyadmin.net
--
-- Host: localhost
-- Generation Time: Mar 12, 2017 at 07:05 PM
-- Server version: 5.6.13
-- PHP Version: 5.4.17

SET SQL_MODE = "NO_AUTO_VALUE_ON_ZERO";
SET time_zone = "+00:00";


/*!40101 SET @OLD_CHARACTER_SET_CLIENT=@@CHARACTER_SET_CLIENT */;
/*!40101 SET @OLD_CHARACTER_SET_RESULTS=@@CHARACTER_SET_RESULTS */;
/*!40101 SET @OLD_COLLATION_CONNECTION=@@COLLATION_CONNECTION */;
/*!40101 SET NAMES utf8 */;

--
-- Database: `pet_bicho_ensaboado`
--
CREATE DATABASE IF NOT EXISTS `pet_bicho_ensaboado` DEFAULT CHARACTER SET utf8 COLLATE utf8_general_ci;
USE `pet_bicho_ensaboado`;

-- --------------------------------------------------------

--
-- Table structure for table `address`
--

CREATE TABLE IF NOT EXISTS `address` (
  `idAddress` int(10) unsigned NOT NULL AUTO_INCREMENT,
  `district` varchar(100) COLLATE utf8_unicode_ci DEFAULT NULL,
  `street` varchar(255) COLLATE utf8_unicode_ci DEFAULT NULL,
  `valuation` decimal(10,2) DEFAULT NULL,
  PRIMARY KEY (`idAddress`)
) ENGINE=MyISAM  DEFAULT CHARSET=utf8 COLLATE=utf8_unicode_ci AUTO_INCREMENT=62 ;

--
-- Dumping data for table `address`
--

INSERT INTO `address` (`idAddress`, `district`, `street`, `valuation`) VALUES
(1, '2IRMAOS', '', '10.00'),
(2, 'AÇORIANOS', '', '10.00'),
(3, 'AGUAS CLARAS', '', '10.00'),
(4, 'APARECIDA', '', '10.00'),
(5, 'AUGUSTA', '', '10.00'),
(6, 'BECO DOS CUNHAS', '', '10.00'),
(7, 'BECO DOS GUTTERRES', '', '10.00'),
(8, 'BUENA VISTA', '', '10.00'),
(9, 'CANTEGRILL', '', '10.00'),
(10, 'CAPOROROCA', '', '10.00'),
(11, 'CASTELINHO', '', '10.00'),
(12, 'CENTRO', '', '10.00'),
(13, 'COHAB', '', '10.00'),
(14, 'COLORADO', '', '10.00'),
(15, 'COND. BRAGANÇA', '', '10.00'),
(16, 'CONDADO', '', '10.00'),
(17, 'DOM FELICIANO', '', '10.00'),
(18, 'ESTALAGEM', '', '10.00'),
(19, 'ESTANCIA GRANDE', '', '10.00'),
(20, 'FIUZA', '', '10.00'),
(21, 'IPE', '', '10.00'),
(22, 'ITAPEMA', '', '10.00'),
(23, 'JAGUARIBE', '', '10.00'),
(24, 'JARDIM ESTALAGEM', '', '10.00'),
(25, 'JARDIM FIUZA', '', '10.00'),
(26, 'JARDIM ITAPEMA', '', '10.00'),
(27, 'JARDIM KRAHE', '', '10.00'),
(28, 'JARDIM LISBOA', '', '10.00'),
(29, 'JARDIM VIAMAR', '', '10.00'),
(30, 'KRAHE', '', '10.00'),
(31, 'LAGO', '', '10.00'),
(32, 'LISBOA', '', '10.00'),
(33, 'LOMBA', '', '10.00'),
(34, 'MARTINICA', '', '10.00'),
(35, 'MENDANHA', '', '10.00'),
(36, 'PARQUE DAS AGUAS', '', '10.00'),
(37, 'PARQUE JAGUARIBE', '', '10.00'),
(38, 'PASSO DA AREIA', '', '10.00'),
(39, 'PASSO DO VIGARIO', '', '10.00'),
(40, 'PASSO DOS NEGROS', '', '10.00'),
(41, 'PORTAL DO PASSO', '', '10.00'),
(42, 'PRO MORAR', '', '10.00'),
(43, 'QUERENCIA', '', '10.00'),
(44, 'RECANTO DA LAGOA', '', '10.00'),
(45, 'RES. FIGUEIRA', '', '10.00'),
(46, 'SAINT HILARE', '', '10.00'),
(47, 'SANTA ISABEL', '', '10.00'),
(48, 'SANTA RITA', '', '10.00'),
(49, 'SÃO CRISTOVAO', '', '10.00'),
(50, 'SÃO LUCAS', '', '10.00'),
(51, 'SITIO SÃO JOSE', '', '10.00'),
(52, 'TARUMA', '', '10.00'),
(53, 'VALENÇA', '', '10.00'),
(54, 'VIAMAR', '', '10.00'),
(55, 'VIAMOPOLIS', '', '10.00'),
(56, 'VILA ELSA', '', '10.00'),
(57, 'NAO DEFINIDO', '', '0.00');

-- --------------------------------------------------------

--
-- Table structure for table `animal_owner`
--

CREATE TABLE IF NOT EXISTS `animal_owner` (
  `idOwner` int(10) unsigned NOT NULL,
  `client_idClient` int(10) unsigned NOT NULL,
  PRIMARY KEY (`idOwner`,`client_idClient`),
  KEY `animal_owner_FKIndex1` (`client_idClient`)
) ENGINE=InnoDB DEFAULT CHARSET=utf8;

--
-- Dumping data for table `animal_owner`
--

INSERT INTO `animal_owner` (`idOwner`, `client_idClient`) VALUES
(1, 418),
(1, 598),
(1, 599);

-- --------------------------------------------------------

--
-- Table structure for table `breed`
--

CREATE TABLE IF NOT EXISTS `breed` (
  `idBreed` int(10) unsigned NOT NULL AUTO_INCREMENT,
  `nameBreed` varchar(100) COLLATE utf8_unicode_ci DEFAULT NULL,
  PRIMARY KEY (`idBreed`)
) ENGINE=MyISAM  DEFAULT CHARSET=utf8 COLLATE=utf8_unicode_ci AUTO_INCREMENT=54 ;

--
-- Dumping data for table `breed`
--

INSERT INTO `breed` (`idBreed`, `nameBreed`) VALUES
(1, 'AKITA'),
(2, 'BASSET'),
(3, 'BERENESSE'),
(4, 'BICHON'),
(5, 'BICHONFRISE'),
(6, 'BLUEHELLER'),
(7, 'BORDER'),
(8, 'BOXER'),
(9, 'BULLDOG'),
(10, 'CHIUAUA'),
(11, 'CHOWCHOW'),
(12, 'COCKER'),
(13, 'COLLIE'),
(14, 'DALMATA'),
(15, 'DOGALEMAO'),
(16, 'FOX'),
(17, 'FOXPAULISTA'),
(18, 'GATO'),
(19, 'GOLDEM'),
(20, 'LABRADOR'),
(21, 'LHASA'),
(22, 'LINGUIÇA'),
(23, 'LULU'),
(24, 'MALTES'),
(25, 'PASTORALEMÃO'),
(26, 'PEQUENES'),
(27, 'PERSA'),
(28, 'PINCHER'),
(29, 'POODLE'),
(30, 'PUG'),
(31, 'SÃOBERNARDO'),
(32, 'SCHITZU'),
(33, 'SCHNAUZER'),
(34, 'SCOTTTERRIER'),
(35, 'SHARPEI'),
(36, 'SPLITZALEMAO'),
(37, 'SRD'),
(38, 'YORKSHIRE'),
(40, 'BORDER COLLIE'),
(42, 'NAO DEFINIDO'),
(53, 'fila');

-- --------------------------------------------------------

--
-- Table structure for table `client`
--

CREATE TABLE IF NOT EXISTS `client` (
  `idClient` int(10) unsigned NOT NULL AUTO_INCREMENT,
  `breed_idBreed` int(10) unsigned NOT NULL,
  `address_idAddress` int(10) unsigned NOT NULL,
  `owner` varchar(250) COLLATE utf8_unicode_ci NOT NULL,
  `nameAnimal` varchar(255) COLLATE utf8_unicode_ci NOT NULL,
  `addressNumber` varchar(255) COLLATE utf8_unicode_ci NOT NULL,
  `addressComplement` varchar(255) COLLATE utf8_unicode_ci DEFAULT NULL,
  `phone1` bigint(20) NOT NULL,
  `phone2` bigint(20) DEFAULT NULL,
  `email` varchar(255) COLLATE utf8_unicode_ci DEFAULT NULL,
  PRIMARY KEY (`idClient`),
  KEY `client_FKIndex1` (`address_idAddress`),
  KEY `client_FKIndex2` (`breed_idBreed`)
) ENGINE=MyISAM  DEFAULT CHARSET=utf8 COLLATE=utf8_unicode_ci AUTO_INCREMENT=602 ;

--
-- Dumping data for table `client`
--

INSERT INTO `client` (`idClient`, `breed_idBreed`, `address_idAddress`, `owner`, `nameAnimal`, `addressNumber`, `addressComplement`, `phone1`, `phone2`, `email`) VALUES
(1, 32, 39, 'SIMONE ETCHEVERRY', 'NINA', 'VIGARIO DA PROVINCIA, Nº 629', NULL, 99660022, 81519894, 'SAC@MERECEBELEZA.COM.BR'),
(2, 38, 50, 'CRISTIANE BIRA SALVADOS', 'MEL', 'RUA HEITOR VILA LOBOS, Nº75', NULL, 34922135, 91553290, ''),
(3, 21, 50, 'RAISSA FRANCO', 'MALU', '', NULL, 97277718, 0, ''),
(4, 19, 52, 'ANDRÉIA LIMA', 'CAITY', 'LOTE 274', NULL, 95507491, 0, ''),
(5, 29, 52, 'SOLANGE MATTOS', 'JUNIOR', 'LOTE 128', NULL, 81323266, 0, 'SOLAMATTOS@TERRA.COM.BR'),
(598, 20, 12, 'CAMILLA ARAUJO ASSAD', 'Agatha copy*', 'ERICO VERRISIMO 286', '', 97177915, 96667332, ''),
(10, 38, 30, 'DENISE IBERE SOARES CARDOSO DA ROCHA', 'PINK', 'RUA FELINTO DE ALMEIDA 60 KRAE', NULL, 34921907, 81746251, 'DENISE.SC.ROCHA@GMAIL.COM'),
(11, 32, 30, 'DENISE IBERE SOARES CARDOSO DA ROCHA', 'LILI', 'RUA FELINTO DE ALMEIDA 60 KRAE', NULL, 34921907, 81746251, 'DENISE.SC.ROCHA@GMAIL.COM'),
(12, 36, 29, 'MARIANA CRISTINA DIAS DE CAMILLIS', 'BELINHA', 'RUA V Nº79', NULL, 34921994, 84276782, 'DROGARIARH@BOL.COM.BR'),
(13, 16, 21, 'ADRIANA COLARES', 'TICA', 'RUA DEMETRIO RIBEIRO 80', NULL, 81841338, 34442880, 'COLARES.ADRIANA@GMAIL.COM'),
(14, 32, 52, 'GISELE AKILES', 'LOCK', 'CONDADO LOTE 252', NULL, 99615471, 0, ''),
(15, 21, 44, 'VINA DE MARINS SANTTANNA', 'PIAFA', 'RUA LAGOA MIRIM Nº116', NULL, 93518755, 92750672, ''),
(16, 29, 45, 'VALDOIR FARIAS (SEG CONDADO)', 'MEL', 'RUA ''A'' Nº131', NULL, 91975282, 0, ''),
(17, 32, 55, 'ISABEL CRISTINA MARQUES', 'JERRY', 'RUA SÃO MANOEL  Pd 40', NULL, 94205518, 91522236, 'TIMOTHEO_MARCOS@YAHOO.COM.BR'),
(18, 24, 13, 'ANDRESSA DA SILVA', 'PETER', 'Sem. Salgado filho  Nº9516 Pda 56  AP:201', NULL, 82961163, 55, ''),
(19, 38, 56, 'ANDRE GONÇALVES', 'NINA', 'LA MARTINE BABO', NULL, 85388822, 30457224, 'ANDRESEKO@GMAIL.COM'),
(20, 29, 18, 'CELIA TEIXEIRA', 'BELINHA', 'RUA.: Padre João Diniz Alvarez Lima. No  63', NULL, 99910178, 34464284, 'celiaberenice@yahoo.com.br'),
(21, 29, 52, 'Dê', 'ICE', 'RS118 KM 38 Nº1252', NULL, 34858130, 0, ''),
(22, 38, 8, 'LUCIANA  REMEDIO', 'PETUNIA', 'RUA PARDAL N359 LOTE V20 V21', NULL, 30195904, 99610477, ''),
(23, 32, 52, 'JOSE CARLOS DE ANDRADE', 'THOR', 'RUA VOLUNTARIOS DA PATRIA Nº250', NULL, 95211744, 31088368, ''),
(24, 24, 52, 'DÊ', 'LADY', 'RS118 KM 38 Nº1252', NULL, 34858130, 0, ''),
(25, 37, 52, 'ANA REIS', 'BENTO', 'RAUL CABRAL DE MENEZES 83', NULL, 34852203, 98339987, 'AREIS1900@GMAIL.COM'),
(26, 37, 52, 'ANA REIS', 'BELINHA', 'RAUL CABRAL DE MENEZES 83', NULL, 34852203, 98339987, 'AREIS1900@GMAIL.COM'),
(27, 32, 12, 'ANDRE CANIL', 'NATHY', 'DOM FELICIANO', NULL, 0, 97497958, ''),
(28, 32, 19, 'ROBERTA PACHECO DOS REIS', 'PANTUFA', 'RS118 KM 34 Nº45', NULL, 99746678, 96011993, 'ROBERTA_PACHECO@HOTMAIL.COM'),
(29, 21, 52, ' FRANCIANE TROIS', 'EMMY', 'CONDADO LOTE 379', NULL, 93141515, 34928209, 'Franciane_trois@msn.com'),
(30, 32, 17, 'PEDRO CZIMIKOSKI', 'BELINHA', 'RUA FERNANDO DE ANDRADE PRATES 319', NULL, 97075088, 99829444, 'MBCZIMIKOSKI@YAHOO.COM.BR'),
(31, 32, 17, 'PEDRO CZIMIKOSKI', 'SOFIA', 'RUA FERNANDO DE ANDRADE PRATES 319', NULL, 97075088, 99829444, 'MBCZIMIKOSKI@YAHOO.COM.BR'),
(32, 32, 17, 'PEDRO CZIMIKOSKI', 'KIKA', 'RUA FERNANDO DE ANDRADE PRATES 319', NULL, 97075088, 99829444, 'MBCZIMIKOSKI@YAHOO.COM.BR'),
(33, 37, 24, 'CAROLINE LEMOS BOHM', 'MEL', 'RUA DJALMO DA VEIGA 179', NULL, 85228583, 34357435, 'CAROL.BOHM@HOTMAIL.COM'),
(34, 37, 19, 'ROBERTA PACHECO DOS REIS', 'ESTOPA', 'RS 118 KM 34 Nº45', NULL, 99746678, 96011993, 'ROBERTA_PACHECO@HOTMAIL.COM'),
(35, 32, 57, 'TAINA TOMMY', 'TOMMY', '', NULL, 98606578, 0, ''),
(36, 32, 52, 'KARINE FROLICH', 'CHARLOTE', 'SITIO TARUMA', NULL, 0, 0, ''),
(37, 18, 52, 'KARINE FROLICH', 'FIONA', 'SITIO TARUMA', NULL, 0, 0, ''),
(38, 37, 51, 'ELIZETE CRISTINA DOS SANTOS SANTOS', 'BRANCA', 'PRESIDENTE CASTELO BRANCO 1041', NULL, 34851811, 99533904, 'CRIZETE@TERRA.COM.BR'),
(39, 32, 52, 'LUIZ CARLOS DE ARAUJO', 'BAMBAM', 'CONDADO LOTE 303', NULL, 30452147, 98419817, 'LUIZ249@GMAIL.COM'),
(40, 32, 52, 'LUIZ CARLOS DE ARAUJO', 'PEDRITA', 'CONDADO LOTE 303', NULL, 30452147, 98419817, ''),
(41, 32, 52, 'LUIZ CARLOS DE ARAUJO', 'CHICO', 'CONDADO LOTE 303', NULL, 30452147, 98419817, ''),
(42, 28, 52, 'LUIZ CARLOS DE ARAUJO', 'NINA', 'CONDADO LOTE 303', NULL, 30452147, 98419817, ''),
(43, 37, 52, 'LUIZ CARLOS DE ARAUJO', 'BELINHA', 'CONDADO LOTE 303', NULL, 30452147, 98419817, ''),
(44, 38, 26, 'ARIANE MEDEIROS  RODRIGUES', 'SUZI', 'AVENIDA IPE AMARELOS 160 CASA 16', NULL, 92103643, 0, 'ARI2011_RODRIGUES@HOTMAIL.COM'),
(45, 19, 26, 'ARIANE MEDEIROS  RODRIGUES', 'LAILA', 'AVENIDA IPE AMARELOS 160 CASA 16', NULL, 92103643, 0, ''),
(46, 32, 50, 'ELISANDRA GADES LIMA', 'MALU', 'RUA PIXINGUINHA N 230 PD 43', NULL, 30540094, 99073247, 'ELISANDRA.GADES@HOTMAIL.COM'),
(47, 32, 54, 'EDIANE CARPES', 'PENELOPE', 'RUA CALIFORNIA N 491', NULL, 93048037, 91614883, 'EDIANE.CARPES@IG.COM.BR'),
(48, 37, 12, 'GABRIELA CUZINATO', 'FLORENCIA', 'RUA AÇORES Nº 201', NULL, 99241289, 34851848, ''),
(49, 38, 52, 'FERNANDA  SOUZA DA SILVA', 'PRINCESA', 'ESTRADA DO MALACARA N 500', NULL, 84094083, 84092974, ''),
(50, 32, 17, 'ELIZETE ROCHA DE SOUZA', 'FIGI', 'MARIA DO CARMO GARRABA NUNES 110', NULL, 98688903, 98082833, 'CHIQUINHARROZ@HOTMAIL.COM'),
(51, 14, 17, 'ELIZETE ROCHA DE SOUZA', 'DEBY', 'MARIA DO CARMO GARRABA NUNES 110', NULL, 98688903, 98082833, 'CHIQUINHOARROZ@HOTMAIL.COM'),
(52, 32, 35, 'ANDRESSA CARVALHO ROXO', 'TCHUCA', 'RUA B PARQUE CASA GRANDE 74', NULL, 31787738, 95901691, 'ANDRESSAROXO@HOTMAIL.COM'),
(53, 32, 35, 'ANDRESSA CARVALHO ROXO', 'LUNA', 'RUA B PARQUE CASA GRANDE 74', NULL, 31787738, 95901691, 'ANDRESSAROXO@HOTMAIL.COM'),
(54, 29, 52, 'CLARICE SEVERGUINE', 'PELUDINHO', 'RUA JOSE MARTINS 92', NULL, 92959932, 34923866, ''),
(55, 16, 52, 'CLARICE SEVERGUINE', 'TEDDY', 'RUA JOSE MARTINS 92', NULL, 92959932, 34923866, ''),
(56, 37, 52, 'CLARICE SEVERGUINE', 'GURIA', 'RUA JOSE MARTINS 92', NULL, 92959932, 34923866, ''),
(57, 37, 54, 'VERA LUCIA SALVIAN', 'PRETA', 'AVENIDA FIGUEIRA 1112', NULL, 99647061, 99978387, 'VERASALVIANO@GMAIL.COM'),
(58, 21, 30, 'RENATO ANDRE PERES', 'MAILE', 'BUENA VISTA  LOTE  AF9  ARARA Nº100', NULL, 99588656, 33310560, 'RENATOANDREPERES@GMAIL.COM'),
(59, 29, 12, 'ANDREA SCHARDOSIN', 'BELLA', 'ACORES 535', NULL, 97332790, 86018927, 'ANDREAC@GHC.COM.BR'),
(60, 22, 12, 'DENISE ANDRADES', 'GANDAIA', 'SALGADO FILHO 11100', NULL, 93753636, 0, ''),
(61, 29, 49, 'MARIA INES SEVERO', 'NINA', 'RUA I N 16', NULL, 99229516, 0, ''),
(62, 16, 12, 'JULIETE VIANA DOS SANTOS', 'TOBY', 'RUA GENERAL CAMARA 175', NULL, 96072829, 98541556, 'JULIETEVIANNA@HOTMAIL.COM'),
(63, 37, 21, 'CLAUDIA  AMORIN DA SILVA BITTENCORT', 'OSAMA', 'CARLOS CODEVILLA TAVARES 68', NULL, 0, 0, ''),
(64, 37, 21, 'CLAUDIA  AMORIN DA SILVA BITTENCORT', 'GANDY', 'CARLOS CODEVILLA TAVARES 68', NULL, 0, 0, ''),
(65, 37, 9, 'TERESINHA OLIVEIRA BITELLO', 'MEL', 'PAU BRASIL 926 ', NULL, 91872010, 91705959, ''),
(66, 29, 21, 'LUNARA RAMOS MACHADO', 'FLORZINHA', 'TEN. MARIO TELES FERREIRA 476', NULL, 96221995, 95904888, ''),
(67, 21, 12, 'GUILHERME LENGUER', 'TOMMY', 'CONDADO', NULL, 98668258, 82355428, ''),
(68, 32, 22, 'INDIANARA OLINSKI', 'DOCINHO', 'AV. DOS IPÊS AMAELOS 220', NULL, 99996088, 0, ''),
(69, 25, 22, 'INDIANARA OLINSKI', 'REX', 'AV. DOS IPÊS AMAELOS 220', NULL, 99996088, 0, ''),
(70, 25, 22, 'INDIANARA OLINSKI', 'PRETA', 'AV. DOS IPÊS AMAELOS 220', NULL, 99996088, 0, ''),
(71, 32, 22, 'INDIANARA OLINSKI', 'MIMOSO', 'AV. DOS IPÊS AMAELOS 220', NULL, 99996088, 0, ''),
(72, 32, 22, 'INDIANARA OLINSKI', 'PELUDINHO', 'AV. DOS IPÊS AMAELOS 220', NULL, 99996088, 0, ''),
(73, 22, 22, 'INDIANARA OLINSKI', 'PRETO', 'AV. DOS IPÊS AMAELOS 220', NULL, 99996088, 0, ''),
(74, 22, 22, 'INDIANARA OLINSKI', 'TUTI', 'AV. DOS IPÊS AMAELOS 220', NULL, 99996088, 0, ''),
(75, 18, 12, 'Dr MARLI VETERINARIA', 'PRETA', 'RUA  DOS OPERARIOS', NULL, 34921891, 0, ''),
(76, 37, 12, 'NAIMARA SCARPETTI', 'ZÉ ROBERTO', 'RUA CIRURGIÃO VAZ FERREIRA 386', NULL, 99819393, 0, ''),
(77, 28, 53, 'SANDRA BELMONT(MAD . RENASCER)', 'PIGMEU', 'RS 040 Nº11556(MAD.RENASCER)', NULL, 34858856, 95857563, ''),
(78, 37, 53, 'SANDRA BELMONT(MAD . RENASCER)', 'MEL', 'RS 040 Nº11556(MAD.RENASCER)', NULL, 34858856, 95857563, ''),
(79, 29, 53, 'SANDRA BELMONT(MAD . RENASCER)', 'POOF', 'RS 040 Nº11556(MAD.RENASCER)', NULL, 34858856, 95857563, ''),
(80, 29, 53, 'SANDRA BELMONT(MAD . RENASCER)', 'BOB', 'RS 040 Nº11556(MAD.RENASCER)', NULL, 34858856, 95857563, ''),
(81, 29, 12, 'IVANIO LAGNI', 'DIMI', 'RAUL CABRAL DE MENEZES 315', NULL, 34856253, 98038107, ''),
(82, 38, 57, 'CAROL ILHA DA BELEZA', 'CHORINHO', 'CENTRO', NULL, 30546060, 34445180, ''),
(83, 32, 52, 'PEDRO HERBALIFE', 'MEG', 'TARUMA', NULL, 96494955, 0, ''),
(84, 32, 52, 'PADIM', 'BETHOVEM', 'CONDADO LOTE 356', NULL, 0, 0, ''),
(85, 32, 52, 'PADIM', 'MEIGAN', 'CONDADO LOTE 356', NULL, 0, 0, ''),
(86, 32, 57, 'TEKA', 'DOMINICK', '', NULL, 92831865, 0, ''),
(87, 37, 9, 'MARIA REGINA  PILA', 'ANA CLARA', 'RUA MOGNO 309', NULL, 34460842, 0, ''),
(88, 37, 9, 'MARIA REGINA PILA', 'NAMORADO', 'RUA MOGNO 309', NULL, 34460842, 0, ''),
(89, 37, 9, 'MARIA REGINA PILA', 'BONECA', 'RUA MOGNO 309', NULL, 34460842, 0, ''),
(90, 37, 9, 'MARIA LUIZA FLORES', 'IASMIN', 'COND CANTEGRIL RUA GRAPIA Nº144', NULL, 34468275, 99851245, ''),
(91, 37, 9, 'MARIA LUIZA FLORES', 'MOA', 'COND CANTEGRIL RUA GRAPIA Nº144', NULL, 34468275, 99851245, ''),
(92, 37, 9, 'MARIA LUIZA FLORES', 'SUZI', 'COND CANTEGRIL RUA GRAPIA Nº144', NULL, 34468275, 99851245, ''),
(93, 37, 9, 'MARIA LUIZA FLORES', 'BELA ', 'COND CANTEGRIL RUA GRAPIA Nº144', NULL, 34468275, 99851245, ''),
(94, 37, 56, 'FABIANA COSTA ROCHA', 'THEO', 'RUA LAMARTINE BABO Nº1290', NULL, 89155729, 91901015, 'FABIROCHA_ADM@HOTMAIL.COM'),
(95, 32, 12, 'SERGIO LUIS MORAIS', 'MEG', 'RUA  JOSE GARIBALDI 473 AP 604', NULL, 91662838, 92967804, 'CARLAA.RAMOS@TERRA.COM.BR'),
(96, 32, 12, 'ANA WILDNER  ROLDAO', 'SHEICK', 'FLODOALDO DE SOUZA FEIJO 275', NULL, 30461435, 89138950, 'ESTETICAMIRACLE@GMAIL.COM'),
(97, 32, 53, 'NATALIA SANTOS PORTELLA', 'PITT', 'ACESSO 6 N 31', NULL, 34464970, 80601023, 'ADRISPORTELLA@HOTMAIL.COM'),
(98, 37, 53, 'CARLA RAMOS DO AMARAL', 'BOMBOM', 'ACESSO 17 N 60', NULL, 34852039, 96525691, ''),
(99, 12, 12, 'CLAUDIA  ', 'LILICA', 'RUA PRESIDENTE CASTELO BRANCO 571', NULL, 96810564, 0, ''),
(100, 29, 18, 'LESLEI NASCIMENTO', 'SNOOP', 'DJAMO VEIGA 148 ', NULL, 0, 0, ''),
(101, 29, 12, 'ANDRESSA GUARA', 'LEAO', 'LUIZ ROSSETI 161', NULL, 0, 0, ''),
(102, 32, 35, 'SILVIA REGINA FRAGA DUTRA', 'MEL', 'RUA FAXINAL DO SOTURNO 133', NULL, 81495857, 31781715, 'SILVIAF.DUTRA@YAHOO.COM.BR'),
(103, 32, 35, 'SILVIA REGINA FRAGA DUTRA', 'CACAU', 'RUA FAXINAL DO SOTURNO 133', NULL, 81495857, 31781715, 'SILVIAF.DUTRA@YAHOO.COM.BR'),
(104, 29, 12, 'GEDI COSTA', 'DOROTY', 'BENTO GONÇALVES 325', NULL, 81518422, 30541825, 'GEDIFRAGA@GMAIL.COM'),
(105, 38, 12, 'GEDI COSTA', 'FRED', 'BENTO GONÇALVES 325', NULL, 81518422, 30541825, 'GEDIFRAGA@GMAIL.COM'),
(106, 32, 12, 'LILIANE MARGARETH DA SILVA', 'LEO', 'RUA BENTO GONSALVES 778', NULL, 98677636, 82983758, 'LILIANEPMV@GMAIL.COM'),
(107, 7, 38, 'DAIANA SANTOS DA ROSA', 'KIKA', 'ESTRADO DO CANTA GALO 1480', NULL, 98984112, 96922546, 'JV.ANGELIN@HOTMAIL.COM'),
(108, 32, 12, 'LAURA KOPPLIN', 'LILICA', 'RUA ALCEBIADES AZREDO DOS SANTOS 1569 AP 7A', NULL, 93319404, 0, 'LAURAKOPPLIN@GMAIL.COM'),
(109, 19, 16, 'KATIA MELLO', 'TAILA', 'CONDADO LOTE 54', NULL, 99677323, 34922245, ''),
(110, 29, 16, 'KATIA MELLO', 'KIKA', 'CONDADO LOTE 54', NULL, 99677323, 34922245, ''),
(111, 14, 52, 'DONA ELSA', 'MAX', 'JOSE MARTINS', NULL, 0, 0, ''),
(112, 14, 52, 'DONA ELSA', 'BELLA', 'JOSE MARTINS', NULL, 0, 0, ''),
(113, 37, 12, 'DANIELLE', 'MALOKA', '', NULL, 34851861, 0, ''),
(114, 6, 12, 'DANIELLE', 'EBBY', '', NULL, 34851861, 0, ''),
(115, 32, 16, 'DULCE MAYER', 'MIKI', 'CONDADO LOTE 341', NULL, 91674229, 91397726, ''),
(116, 25, 39, 'FELIPE DIAS MAIA', 'DOG', 'Rua Vigário da Província, 529', NULL, 99729860, 31292942, ''),
(117, 37, 39, 'FELIPE DIAS MAIA', 'LOLA', 'Rua Vigário da Província, 529', NULL, 99729860, 31292942, ''),
(118, 29, 16, 'LUCIA MACIEL DE SOUZA', 'NICOLE', 'LOTE 55 ', NULL, 92727077, 34923214, 'REJANEMACIELDESOUZA@HOTMAIL.COM'),
(119, 29, 51, 'LIANE RIVALDO  VARGAS', 'MEG', 'RUA ALCEBIADES AZEREDO DOS SANTOS 1569 AP 4B', NULL, 99810207, 34725545, ''),
(120, 34, 51, 'LIANE RIVALDO  VARGAS', 'PINK', 'RUA ALCEBIADES AZEREDO DOS SANTOS 1569 AP 4B', NULL, 99810207, 34725545, 'VARGAS.LIANE@GMAIL.COM'),
(121, 36, 16, 'LUCIANO ARTECOLOR', 'SOFIA', 'CONDADO LOTE 59', NULL, 0, 98123094, ''),
(122, 36, 16, 'LUCIANO ARTECOLOR', 'PETER', 'CONDADO LOTE 59', NULL, 0, 98123094, ''),
(123, 13, 16, 'LUCIANO ARTECOLOR', 'LUPITA', 'CONDADO LOTE 59', NULL, 0, 98123094, ''),
(124, 32, 39, 'CRISTINA FERREIRA SOARES', 'AKIRA', 'JOSE GARIBALDE 2870', NULL, 97122662, 31088856, ''),
(125, 33, 12, 'JORGE MEIRA  BICUDA', 'PITANGA', 'CENTRO', NULL, 91137595, 0, ''),
(126, 33, 57, 'JORGE MEIRA  BICUDA', 'DEDA', 'CENTRO', NULL, 91137595, 0, ''),
(127, 33, 57, 'JORGE MEIRA  BICUDA', 'PATO', 'CENTRO', NULL, 91137595, 0, ''),
(128, 32, 41, 'CARLA BOE ADESTRADOR', 'NINA', 'ROD ACRISIO PRATES 7490 CASA 690', NULL, 98551123, 0, ''),
(129, 24, 57, 'FERNANDA  ROSPIDE', 'PEROLA', '', NULL, 84600200, 0, ''),
(130, 32, 52, 'BIA', 'MEL', 'JOSE MARTINS 312', NULL, 92341118, 0, ''),
(131, 32, 49, 'MARINES TEIXEIRA', 'JACK', 'RUA Q N 162', NULL, 95246952, 0, ''),
(132, 38, 12, 'RAFAEL OLIVEIRA NUNES', 'BOLACHA', 'RUA DALTRO FILHO 157', NULL, 84256185, 0, ''),
(133, 37, 52, 'JOSIANE GOMES DA ROCHA', 'MEG', 'RUA DUQUE DE CAXIAS 681', NULL, 98361444, 0, ''),
(134, 28, 52, 'LOUCIVAL ARENA DE MATOS', 'BELINHA', 'RS 118 N2075 CASA 5', NULL, 85168363, 94031888, ''),
(135, 38, 52, 'JULIO ANTONIO TODESCO', 'BELLA', 'SAG. MARCO TELLES FERREIRA 29', NULL, 99919642, 97083009, ''),
(136, 8, 52, 'GIOVANE DA SILVA GATTINO', 'RURICK', 'RUA PERO VAZ DE CAMINHA 382', NULL, 34854031, 96069982, ''),
(137, 8, 52, 'GIOVANE DA SILVA GATTINO', 'KIARA', 'RUA PERO VAZ DE CAMINHA 382', NULL, 34854031, 96069982, ''),
(138, 32, 5, 'ELOIDE JORA BORGHARDT', 'PEPEU', 'ESTRADA CAMINHO DO MEIO 2180', NULL, 81402297, 96980805, 'ROCHELEBDT@HOTMAIL.COM'),
(139, 22, 17, 'ANA PEIXOTO', 'ESTRELINHA', 'RUA IDALINO DE OLIVEIRA 166', NULL, 99712636, 0, ''),
(140, 38, 17, 'ANA PEIXOTO', 'YUKI', 'RUA IDALINO DE OLIVEIRA 166', NULL, 99712636, 0, ''),
(141, 37, 43, 'TAMIREZ GALVÃO DA SILVA PAIM', 'LUDMILA', 'RUA BORGES DE MEDEIRO 80 AP 304 BLOCO B', NULL, 81888866, 33086941, 'TAMIREZPAIM@GMAIL.COM'),
(142, 33, 25, 'ODONIZETE AIRES DE SOUZA', 'CAIO', 'RUA VEU DE NOIVA 19', NULL, 98248946, 99623390, ''),
(143, 33, 21, 'TIAGO RAFAEL HUBNER', 'BILL', '', NULL, 81489686, 30563422, ''),
(144, 33, 21, 'TIAGO RAFAEL HUBNER', 'TEDD', '', NULL, 81489686, 30563422, ''),
(145, 32, 10, 'GRAZIELE SANTOS DE OLIVEIRA', 'DORA', 'ESTRADA DA CAPOROROCA 615', NULL, 97140403, 97148186, ''),
(146, 32, 57, 'ONIRA FRAGA', 'DUKE', '', NULL, 85915670, 96565170, ''),
(147, 29, 52, 'SIMONE SILVA DE MOURA', 'SNOOP', 'CLARESTINO DE ANDRADE 119', NULL, 96936210, 0, ''),
(148, 32, 57, 'NUBIA PIRES', 'ANITA', 'Av. João Fernando Krahe 295', NULL, 85191883, 99685667, 'NUUBIA.PIRES@GMAIL.COM'),
(149, 32, 12, 'ZAIDA DIOGO DA SILVA DIAS', 'PUKA', 'RUA JULIETA PINTO CESAR 87 AP 704', NULL, 30541837, 96738503, ''),
(150, 12, 31, 'FABIANE CARVALHO AZAMBUJA', 'MEG', 'RUA NOQUINHA DE OLIVEIRA 184', NULL, 93098822, 92280146, ''),
(151, 32, 51, 'LIS PEREIRA LEAL', 'BILI', 'ALCEBIADES AZEREDO DOS SANTOS 1601 A5', NULL, 99125932, 0, ''),
(152, 32, 51, 'LIS PEREIRA LEAL', 'LILI', 'ALCEBIADES AZEREDO DOS SANTOS 1601 A5', NULL, 99125932, 0, ''),
(153, 37, 35, 'ISABEL CRISTINA NEVES', 'JHONNY', 'FONTOURA XAVIER 54', NULL, 85885237, 86074021, ''),
(154, 37, 37, 'RAFAEL MOREIRA SUSHI', 'HOT', 'RUA GABRIEL SOARES DE SOUZA 67', NULL, 95403148, 0, ''),
(155, 29, 37, 'RAFAEL MOREIRA SUSHI', 'HARUMAKI', 'RUA GABRIEL SOARES DE SOUZA 67', NULL, 95403148, 0, ''),
(156, 4, 5, 'DEIVID SARAIVA', 'TOBY', 'COND TERRA NOVA  502 CASA 257', NULL, 98226776, 0, ''),
(157, 32, 5, 'DEIVID SARAIVA', 'KINZE', 'COND TERRA NOVA  502 CASA 257', NULL, 98226776, 0, ''),
(158, 21, 12, 'DEDO', 'MEG', 'ACORES 234', NULL, 97961078, 93341636, ''),
(159, 32, 47, 'AMANDA SILVA DOS SANTOS', 'MAYLA', 'RUA FRANCISCO PINTO GUTTERES 10 11', NULL, 91022224, 92658790, 'AMANDA.SILVA.DOS.SANTOS@HOTMAIL.COM'),
(160, 7, 51, 'AMANDA BREUNIG', 'SKIP', 'RUA ALCEBIADES AZEREDO DOS SANTOS 1569 A5', NULL, 98931307, 97393756, 'AMANDACBREUNIG@GMAIL.COM'),
(161, 32, 30, 'ANDREA  FRANCO  FOGAÇA DIAS', 'JUSTIN', 'AV SEM SALGADO FILHO 9746 AP 101', NULL, 83008593, 97464624, 'DEIAFOGAÇA@GMAIL.COM'),
(162, 38, 16, 'RODRIGO PAINTBALL', 'MEG', '', NULL, 93916840, 93916888, ''),
(163, 37, 3, 'LUCAS FONSECA', 'MAZEMBI', '', NULL, 95519380, 0, ''),
(164, 29, 13, 'SANDRA CALISTO', 'ANA', '', NULL, 99156886, 30546009, ''),
(165, 40, 12, 'PAULO ROBERTO PACHECO SARAIVA', 'REI', 'SEM SALGADO FILHO 10170', NULL, 81150983, 99722640, ''),
(166, 28, 29, 'SIDNEI MARTIM  MIRANDA', 'MEG', 'AV FIGUEIRA 1601', NULL, 94544257, 89043910, ''),
(167, 20, 9, 'CATY PEREIRA', 'HANA', 'RUA PINUS 216 FASE 4', NULL, 34464942, 94240813, ''),
(168, 21, 9, 'CATY PEREIRA', 'YOKO', 'RUA PINUS 216 FASE 4', NULL, 34464942, 94240813, ''),
(169, 21, 9, 'CATY PEREIRA', 'CHADIZU', 'RUA PINUS 216 FASE 4', NULL, 34464942, 94240813, ''),
(170, 21, 9, 'CATY PEREIRA', 'RACHA', 'RUA PINUS 216 FASE 4', NULL, 34464942, 94240813, ''),
(171, 37, 50, 'MICHELE LESCANO', 'CHAW', ' RUA CASSIANO FEIJO DE FRAGA 341 PDA 47', NULL, 34935536, 85670021, ''),
(172, 29, 57, 'VITINHO LAVAGEM', 'MADONA', '', NULL, 30452535, 0, ''),
(173, 29, 52, 'ANGELA BECO', 'JULLY', ' BECO DO CASCUDO 461 BAR  ANGELA', NULL, 0, 0, ''),
(174, 29, 12, 'MARA TATUAGEM', 'BELINHA', 'RAUL CABRAL DE MENEZES 103', NULL, 34463617, 0, ''),
(175, 37, 52, 'JULIETE  BECO', 'PENELOPE', 'BECO DO CASCUDO 350', NULL, 0, 0, ''),
(176, 32, 12, 'RENATA DUTRA', 'VIOLETA', 'AÇOUGUE', NULL, 0, 0, ''),
(177, 29, 52, 'BETE LOMBA', 'SHERON', 'JOSE MARTINS', NULL, 0, 0, ''),
(178, 32, 51, 'EZEKIEL', 'DUDA', '', NULL, 0, 0, ''),
(179, 37, 9, 'CAMBUIM CANTEGRILL', 'BOB', 'RUA CAMBUIM 240 FASE 3', NULL, 0, 0, ''),
(180, 24, 9, 'CAMBUIM CANTEGRILL', 'FOFUXO', 'RUA CAMBUIM 240 FASE 3', NULL, 0, 0, ''),
(181, 32, 8, 'MELISSA', 'MEL', 'RUA  X18 BUENA VISTA', NULL, 84308284, 0, ''),
(182, 37, 5, 'ANDERSON', 'MEG', '', NULL, 93985888, 0, ''),
(183, 21, 56, 'CAROL', 'MAILE', 'TRAV.ESMERILDA DA SILVA GOULART 1610', NULL, 94390040, 0, ''),
(184, 38, 11, 'TAINA BEATRIZ DA SILVA SANTOS', 'TUCO', 'RUA 11  Nº150  CASTELINHO', NULL, 94207470, 35765401, ''),
(185, 29, 50, 'MAFALDA', 'NEGRINHA', 'SENADOR SALGADO FILHO 6429', NULL, 84847760, 0, ''),
(186, 18, 36, 'CAROLINA NILHO', 'MEL', 'PARQUE DAS AGUAS', NULL, 82192165, 81667451, ''),
(187, 29, 9, 'ANDREA CABEDA', 'MEG', 'RUA PAU BRASIL N 84', NULL, 91331515, 0, ''),
(188, 29, 9, 'ANDREA CABEDA', 'TUTTY', 'RUA PAU BRASIL N 84', NULL, 91331515, 0, ''),
(189, 32, 16, 'PRISCILA  BRUSCH', 'PEPA', 'CONDADO 148', NULL, 91653588, 91761470, ''),
(190, 29, 52, 'EZEKIEL GONSALVES', 'RAMON', 'CANCIO GOMES 428', NULL, 80366343, 0, ''),
(191, 29, 52, 'EZEKIEL GONSALVES', 'MALCON', 'CANCIO GOMES 428', NULL, 80366343, 0, ''),
(192, 29, 52, 'ANDERSON GUIDO', 'CRISTAL', 'RS 118 N 1699', NULL, 0, 0, ''),
(193, 29, 52, 'VERA BECO', 'PINK', 'FERNANDO ROCHA VIEIRA 484', NULL, 0, 0, ''),
(194, 32, 12, 'IVANI SILVA', 'NICKY', 'DOM FELICIANO', NULL, 34858123, 85727985, ''),
(195, 37, 49, 'DEBORA', 'TOBY', 'RUA MANE GARRINCHA, 200', NULL, 85149973, 80189694, ''),
(196, 32, 39, 'FELIPE DIAS MAIA', 'LOLA', 'Rua Vigário da Província, 529', NULL, 99660022, 35766418, ''),
(197, 32, 39, 'FELIPE DIAS MAIA', 'FRED', 'Rua Vigário da Província, 529', NULL, 99660022, 35766418, ''),
(198, 21, 35, 'STEFANI FRANCO', 'BIDÚ', 'RUA D  RES.CASA GRANDE, 62 CASA 2', NULL, 80558487, 0, ''),
(199, 32, 52, 'ISABEL MACIEL', 'MADRUGA', 'RS 118 Nº44', NULL, 34858265, 0, ''),
(200, 32, 52, 'ISABEL MACIEL', 'BELA', 'RS 118 Nº44', NULL, 34858265, 0, ''),
(201, 20, 33, 'LUCAS LOPES', 'BRADA', 'RUA SÃO JOÃO 72', NULL, 91905281, 0, ''),
(202, 32, 12, 'LAILA FERNANDES', 'SNOOPY', 'JOSÉ GARIBALDI 4748', NULL, 95849039, 0, ''),
(203, 32, 51, 'RAISSA FRANCO', 'MEG', 'SITIO SÃO JOSÉ', NULL, 97277718, 0, ''),
(204, 32, 51, 'RAISSA FRANCO', 'SHEICK', 'SITIO SÃO JOSÉ', NULL, 97277718, 0, ''),
(205, 37, 54, 'JAQUELINE NEVES', 'MANO', 'AV. FIGUEIRA 1193', NULL, 91177609, 0, ''),
(206, 37, 54, 'JAQUELINE NEVES', 'ISA', 'AV. FIGUEIRA 1193', NULL, 91177609, 0, ''),
(207, 37, 54, 'JAQUELINE NEVES', 'PRETA', 'AV. FIGUEIRA 1193', NULL, 91177609, 0, ''),
(208, 21, 52, 'RONALDO', 'TEODORO', 'PONCIANO BITTENCURT Nº31', NULL, 93552829, 0, ''),
(209, 24, 52, 'CAMILA  MACHADO  FERREIRA', 'WILLIE', 'CONDADO LOTE 195', NULL, 85539691, 92661949, 'CAMILAUSA@HOTMAIL.COM'),
(210, 29, 18, 'CRISTIANE VARGAS RODRIGUES', 'CINDY', 'ILDO MENEGTH Nº85', NULL, 84516121, 84526122, 'CRIS_TIANEVARGAS@GLOBO.COM'),
(211, 38, 16, 'MARCELO CONDADO', 'SPIKE', 'CONDADO LOTE 149', NULL, 93777221, 0, ''),
(212, 38, 53, 'VIRGINIA FERNANDES', 'MAX', 'RUA ACESSO 12 CASA 8 ', NULL, 85976684, 84261964, ''),
(213, 4, 35, 'SILVIA FARIAS', 'BLUSH', 'JOAO CARLOS VIALHO DIAS 802', NULL, 81348251, 0, ''),
(214, 29, 30, 'KATILENE MEDEIROS', 'DORI', 'RUA ARTHUR AZEVEDO 465', NULL, 99264996, 34922919, ''),
(215, 32, 56, 'JULIANO OURIQUE', 'LUNA', 'ESTRADA CAPITAO GENTIL MACHADO DE GODOY 4500', NULL, 92445588, 99718008, 'PUBLICITARIOPOA@GMAIL.COM'),
(216, 29, 1, 'FERNANDA ACOSTA', 'LILI', 'RUA 8 N 15  ', NULL, 85048781, 82129794, ''),
(217, 4, 1, 'FERNANDA ACOSTA', 'BELINHA', 'RUA 8 N 15  ', NULL, 85048781, 82129794, ''),
(218, 29, 18, 'SELOI COUTO', 'MEL', 'RUA 3  N 410', NULL, 93713238, 95352083, ''),
(219, 38, 12, 'VIRGINIA ROSPIDE MIGON', 'BOB', 'RUA  MARECHAL DEODORO 137 ', NULL, 0, 34851205, ''),
(220, 29, 12, 'PAULO CESAR MARQUES', 'PEDRINHO', 'RUA JOSE GARIBALDE N 20', NULL, 96346647, 81930962, ''),
(221, 29, 57, 'MARA LULI', 'LULI', '', NULL, 99328793, 0, ''),
(222, 32, 26, 'FRANCIELE LUA', 'LUA', '', NULL, 92104161, 92425487, ''),
(223, 29, 44, 'ZETE', 'BELEZINHA', 'RUA LAGOA AZUL, 25', NULL, 96614199, 0, ''),
(224, 11, 57, 'SANDRA', 'URSO', 'RUA COLISEU 339', NULL, 34939366, 0, ''),
(225, 29, 18, 'ANA', 'TITA', 'RUA 04, 159', NULL, 85307688, 0, ''),
(226, 29, 57, 'CESAR ACOSTA', 'ANINHA', '', NULL, 82129794, 0, ''),
(227, 22, 12, 'TANIA KERSTING', 'SUZI', 'RUA  JORGE CALIL FLORES 181 CASA 1', NULL, 81240352, 34852952, ''),
(228, 20, 12, 'TANIA KERSTING', 'BRANCA', 'RUA JORGE CALIL FLORES 181 CASA 1', NULL, 81240352, 34852952, ''),
(229, 30, 12, 'TANIA KERSTING', 'BENJAMIN', 'RUA JORGE CALIL FLORES 181 CASA 1', NULL, 81240352, 34852952, ''),
(230, 29, 51, 'MARIA KITT', 'KITT', 'RUA FERNANDES BRAGA 19', NULL, 99555346, 81959904, ''),
(231, 37, 21, 'MARCOS', 'TEXX', 'CARLOS CODEVILLA TAVARES ', NULL, 97366659, 0, ''),
(232, 19, 51, 'VANESSA FROES', 'NALU', 'SITIO FROES', NULL, 84043443, 0, ''),
(233, 37, 51, 'VANESSA FROES', 'BRITNEY', 'SITIO FROES', NULL, 84043443, 0, ''),
(234, 32, 51, 'ISABEL FROES', 'PHEEB', 'SITIO FROES', NULL, 85074488, 0, ''),
(235, 13, 6, 'PAIN', 'MAX', 'ESTRADA DOS CUNHA 3645', NULL, 33343645, 99126867, ''),
(236, 29, 54, 'MARLI', 'LUCKY', 'CAPAO NOVO 53', NULL, 85062585, 0, ''),
(237, 29, 54, 'MARLI', 'PIPOCA', 'CAPAO NOVO 53', NULL, 85062585, 0, ''),
(238, 37, 57, 'PEDRO', 'MAJÚ', '', NULL, 98398973, 0, ''),
(239, 22, 20, 'JAMILE', 'CATARINA', 'BECO DOS BANCARIOS 97', NULL, 95445781, 0, ''),
(240, 37, 52, 'ALINE', 'FLOR', 'RUA DONA LUIZA 73', NULL, 85744895, 0, ''),
(241, 32, 52, 'ROBERTA', 'LAYLA', 'RUA PERO VAZ DE CAMINHA 412', NULL, 91960457, 0, ''),
(242, 29, 52, 'ALEXIA ROLLAND', 'FIONA', 'JOAO CARLOS VIALLES DIAS 1885', NULL, 95457818, 0, ''),
(243, 37, 28, 'CAUANA', 'TIGRONA', '15 DE NOVEMBRO 235', NULL, 85187897, 34859654, ''),
(244, 40, 57, 'LINEA', 'MORENA', '', NULL, 34850447, 0, ''),
(245, 29, 21, 'ROSA', 'NINA', 'JULITO CURTZ Nº13', NULL, 80568500, 0, ''),
(246, 29, 21, 'ROSA', 'MEL', 'JULITO CURTZ Nº13', NULL, 80568500, 0, ''),
(247, 37, 32, 'JESSICA', 'NEGAO', 'RUA 20 DE STEMBRO Nº72', NULL, 34857277, 84254570, ''),
(248, 29, 32, 'JESSICA', 'SPIKE', 'RUA 20 DE STEMBRO Nº72', NULL, 34857277, 84254570, ''),
(249, 29, 12, 'IRIA VIEIRA', 'LAISA', 'TEREZA  CICA NUNES 368', NULL, 93353759, 0, ''),
(250, 5, 12, 'IRIA VIEIRA', 'OGRO', 'TEREZA  CICA NUNES 368', NULL, 93353759, 0, ''),
(251, 32, 52, 'CRIS MODAS', 'JAKE', 'FERNANDO ROCHA VIEIRA', NULL, 92881209, 0, ''),
(252, 32, 52, 'CARINA GARCIA', 'FLOR', 'RUA JOSE MARTINS 956', NULL, 95881674, 0, ''),
(253, 5, 12, 'CRISTINA LIMA DE ALMEIDA', 'MEL', 'AV BENTO GONCALVES 1013 BLOCO B AP706', NULL, 81691399, 96109066, ''),
(254, 37, 52, 'DORIS DOS SANTOS WOLFF', 'PEQUENA', 'FLODOALDO DE SOUZA FEIJO 827', NULL, 34851497, 84646316, ''),
(255, 32, 51, 'JEREMIAS LIMA', 'FREDERICO', 'ALCEBIADES AZEREDO DOS SANTOS 1561 B03', NULL, 34466918, 98699178, ''),
(256, 22, 57, 'ALINE DECORAÇAO', 'SNOOP', '', NULL, 30451521, 97700922, ''),
(257, 32, 3, 'ILDO DIAS ', 'JACK', 'RUA RS 040 KM 20 Pda 72 Nº SN', NULL, 93576981, 85820510, ''),
(258, 24, 30, 'LUIZA MUNHOS DE FREITAS', 'BILLI', ' RUA PADRE DIOGO DE BORBA 255', NULL, 30336658, 94503141, ''),
(259, 18, 52, 'IZAMARA GONCALVES', 'FRAJOLINHA', 'ESTRADA DO MALACARA 60', NULL, 96783809, 0, ''),
(260, 37, 52, 'RUDINEI RIBEIRO ROCHA', 'BELINHA', 'BENTO GONSALVES 2149 ', NULL, 34441156, 84570552, ''),
(261, 37, 52, 'SIMONE WENNESHEINIER', 'PUKA', 'ERNESTO DA FONTOURO 605', NULL, 34853932, 99969541, ''),
(262, 32, 50, 'JESSICA SILVA DOS SANTOS', 'YULA', 'SEM. SALGADO FILHO  Nº6305 Pda 47  ', NULL, 92438188, 988867026, ''),
(263, 32, 56, 'CARLINE', 'SHEICK', 'RUA PADRE ALBINO ROWER 903', NULL, 85462566, 0, ''),
(264, 37, 52, 'LUCIA', 'THOR', 'RS 118 Nº2148 AO LADO DA AGROPECUARIA', NULL, 30458391, 94252077, ''),
(265, 17, 52, 'LUCIA', 'RAITA', 'RS 118 Nº2148 AO LADO DA AGROPECUARIA', NULL, 30458391, 94252077, ''),
(266, 28, 21, 'CLAUDEMIR QUERUBIM', 'EMMY', 'RUA 2 DE NOVEMBRO 755', NULL, 34469602, 93439370, ''),
(267, 38, 12, 'ANA CLAUDIA PEREIRA NUNES', 'XUXA', 'ACORES 217', NULL, 34854286, 96313220, ''),
(268, 38, 17, 'IVANI SILVA', 'FREDD', 'RUA PONÇALINO CARDOSO DA SILVA 128', NULL, 34858123, 85797285, ''),
(269, 22, 9, 'MARCIA MERCALI', 'BANGUELA', 'ANGELIN Nº14 FASE 3', NULL, 92665405, 99915499, ''),
(270, 33, 12, '  ALLINE GISELE GOMES DOS ANJOS', 'VIDDA', 'MARLENE DE MATOS 75', NULL, 80402729, 34853128, ''),
(271, 32, 52, 'ALEXANDRE CARDOSO DA SILVA', 'BEBE', 'ERICO VERRISIMO 199', NULL, 99531009, 81778644, ''),
(272, 29, 9, 'JAQUELINE DOS ANJOS', 'ZIZA', 'RUA GRAPIA 96 FASE 4', NULL, 34853480, 91961745, ''),
(273, 37, 21, 'Dr.AMANDA', 'ALMOFADA', 'BAR DA DEISE', NULL, 34858176, 81041559, ''),
(274, 37, 21, 'Dr.AMANDA', 'AMARELA', 'BAR DA DEISE', NULL, 34858176, 81041559, ''),
(275, 38, 52, 'ANA PAULA SUTEL', 'BETINA', 'ACORES 762(GERIATRIA VO LUIS)', NULL, 30542336, 98687559, ''),
(276, 37, 57, 'JOAO MANOEL FLORES', 'ATENA', 'COLISEU 429', NULL, 34342955, 98671010, ''),
(277, 29, 57, 'JOAO MANOEL FLORES', 'BOLOTA', 'COLISEU 429', NULL, 34342955, 98671010, ''),
(278, 29, 57, 'JOAO MANOEL FLORES', 'NESCAU', 'COLISEU 429', NULL, 34342955, 98671010, ''),
(279, 29, 13, 'ANA PAULA PROF', 'PETER', 'RUA IJUI 06', NULL, 30452726, 85097646, ''),
(280, 32, 12, 'GISLENE GOMES', 'FREDERICO', 'RUA DOS OPERARIOS 93', NULL, 97808294, 30548294, ''),
(281, 8, 12, 'GISLENE GOMES', 'TIQUINHA', 'RUA DOS OPERARIOS 93', NULL, 97808294, 30548294, ''),
(282, 37, 12, 'GISLENE GOMES', 'DELLIS', 'RUA DOS OPERARIOS 93', NULL, 97808294, 30548294, ''),
(283, 7, 12, 'GISLENE GOMES', 'XINOCA', 'RUA DOS OPERARIOS 93', NULL, 97808294, 30548294, ''),
(284, 37, 12, 'GISLENE GOMES', 'XUXA', 'RUA DOS OPERARIOS 93', NULL, 97808294, 30548294, ''),
(285, 37, 52, 'DR. AMELIA', 'JO', 'ACORES 1391', NULL, 99697335, 34852260, ''),
(286, 37, 52, 'DR. AMELIA', 'PITUXA', 'ACORES 1391', NULL, 99697335, 34852260, ''),
(287, 29, 52, 'MARCIO GAS', 'JACK', '', NULL, 34858789, 0, ''),
(288, 38, 27, 'GABRIELA BARCELOS', 'LILI', 'ALMEIDA ROSA 302', NULL, 98831787, 96080456, ''),
(289, 32, 12, 'ANA CLAUDIA PEREIRA NUNES', 'MINNIE', 'ACORES 217', NULL, 34854286, 0, ''),
(290, 32, 12, 'ANA CLAUDIA PEREIRA NUNES', 'NINA', 'ACORES 217', NULL, 34854286, 0, ''),
(291, 32, 12, 'ANA CLAUDIA PEREIRA NUNES', 'POLI', 'ACORES 217', NULL, 34854286, 0, ''),
(292, 10, 12, 'ANA CLAUDIA PEREIRA NUNES', 'LOLA', 'ACORES 217', NULL, 34854286, 0, ''),
(293, 30, 12, 'ANA CLAUDIA PEREIRA NUNES', 'LUNA', 'ACORES 217', NULL, 34854286, 0, ''),
(294, 32, 43, 'GISELE RODRIGUES', 'ZIGG', 'Pda. 52 RUA MOSTARDEIRO 62', NULL, 80424254, 94187535, ''),
(295, 29, 12, 'TANIA  LUMERS', 'NINA', 'LOJA DE LAMPADAS NA FRENTE DO BIANCHI', NULL, 30458550, 0, ''),
(296, 32, 56, 'CARLINE', 'PRINCESA', 'RUA PADRE ALBINO RUBER 903', NULL, 85462566, 0, ''),
(297, 22, 12, 'MANOEL  EDMILSON', 'BEILE', 'RUA  ERICO VERRISIMO 634', NULL, 30542776, 0, ''),
(298, 37, 25, 'INDIARA OLIVEIRA', 'PAÇOKA', 'RUA GRAVINA Nº45', NULL, 84848689, 34927012, ''),
(299, 19, 25, 'NEKO', 'TEODORO', 'RUA AMOR DO CAMPO Nº51', NULL, 0, 0, ''),
(300, 37, 12, 'IARA GONÇALVES', 'PRETINHA', 'RUA ISABEL BASTOS 580', NULL, 34853309, 97240451, ''),
(301, 32, 57, 'BRUNA', 'BELINHA', '', NULL, 99452816, 0, ''),
(302, 20, 57, 'PAIN HOTELARIA', 'KIRA', '', NULL, 0, 0, ''),
(303, 32, 54, 'ROBERTA ELSENBACH', 'RAFAELO', 'RUA S, 86', NULL, 95405060, 0, ''),
(304, 21, 30, 'NUBIA', 'PANTUFA', 'JARDIM LISBOA 1200', NULL, 84107171, 99187771, ''),
(305, 37, 19, 'EDILENE', 'PITI', 'ESTANCIA GRANDE 140', NULL, 98198629, 0, ''),
(306, 32, 52, 'ALYNE SALATTI ESCOBAR', 'CHARLOTE', 'RUA JOSE GARIBALDI 665', NULL, 30456516, 93899999, 'ALYNESALATTI@GMAIL.COM.BR'),
(307, 38, 44, 'SIRLEI CARRER', 'SLASH', 'RUA LAGOA MIRIM Nº96', NULL, 84047817, 31299236, ''),
(308, 38, 24, 'TAINA ELISA BOMFIN DA SILVA', 'MEL', 'RUA GUSTAVO ALDOLFO ALBRESH Nº99', NULL, 80173441, 80493441, ''),
(309, 29, 24, 'ELAINE ESTALAGEM', 'HULK', ' RUA 28 ESTALAGEM', NULL, 34929864, 0, ''),
(310, 29, 24, 'ELAINE ESTALAGEM', 'BETOWEN', 'RUA 28 ESTALAGEM', NULL, 34929864, 0, ''),
(311, 29, 24, 'ELAINE ESTALAGEM', 'BE', 'RUA 28 ESTALAGEM', NULL, 34929864, 0, ''),
(312, 32, 27, 'CARLA BORGES SANTOS', 'TEDD', 'AV. SALGADO FILHO 9495 CASA 13(COND MAYAS)', NULL, 34852650, 80200999, 'CARLABORGESS@GMAIL.COM'),
(313, 15, 2, 'JAQUELINE BITTENCURT', 'MAIA', 'RUA ALCIDES MAIA 357', NULL, 84473501, 84473479, ''),
(314, 29, 52, 'CARMEM STEMCOSKI', 'MEG', 'RUA DUQUE DE CAXIAS 660', NULL, 34441289, 99984748, ''),
(315, 38, 43, 'KETLIM BARBOSA DA CRUZ', 'DJAKE', 'RUA CANTEGRILL 414', NULL, 85000622, 85223220, ''),
(316, 38, 43, 'KETLIM BARBOSA DA CRUZ', 'BELA', 'RUA CANTEGRILL 414', NULL, 85000622, 85223220, ''),
(317, 40, 57, 'CAROLINA GUELLER', 'BELINHA', '', NULL, 98313312, 34853927, ''),
(318, 29, 17, 'ANA CLAUDIA WEBER', 'LOST', 'RUA IDALINO  F.DE OLIVEIRA 260', NULL, 92780302, 93153595, ''),
(319, 32, 16, 'NEIVA REMIAO', 'LUNA', 'LOTE 86 CONDADO', NULL, 99832427, 0, ''),
(320, 38, 35, 'LIARA MILCZAREK', 'CHICO', 'RUA MOSTARDA Nº 19', NULL, 84141518, 97883130, ''),
(321, 38, 35, 'LIARA MILCZAREK', 'BELINHA', 'RUA MOSTARDA Nº 19', NULL, 84141518, 97883130, ''),
(322, 37, 48, 'Dr LEONITA', 'NUCHA', 'RUA PAISSANDU Nº 235', NULL, 34851137, 0, ''),
(323, 37, 48, 'Dr LEONITA', 'MEG', 'RUA PAISSANDU Nº 235', NULL, 34851137, 0, ''),
(324, 37, 48, 'Dr LEONITA', 'LISI', 'RUA PAISSANDU Nº 235', NULL, 34851137, 0, ''),
(325, 37, 2, 'VERA LUCIA ESMOLARK FORTES', 'BOB', 'RUA ALCIDES MAIA 215', NULL, 84529838, 34850455, ''),
(326, 29, 12, 'MAURICIO GUTTERRES', 'BELINHA', 'RUA CRESCENCIO DE ANDRADES 48', NULL, 93936044, 34851951, ''),
(327, 32, 52, 'DAIANE DOS SANTOS OLIVEIRA', 'BARTH', 'RUA CLARESTINO DE ANDRADE 462', NULL, 97143323, 84953914, 'DAIANE.SO@TERRA.COM.BR'),
(328, 32, 25, 'MILENE MALINOWSKE', 'SLASH', 'TRAVESSA BERTOLIM 50', NULL, 82256656, 34853807, 'DISTRIBUIDORAMD@OUTLOOK.COM'),
(329, 38, 8, 'VANESSA VIVES', 'GNAZU', 'RUA PARDAL N291  LOTE V24', NULL, 93238682, 93543470, ''),
(330, 32, 57, 'ADRIANA', 'PITY', '', NULL, 80601023, 0, ''),
(331, 32, 57, 'LUANA', 'SUSI', '', NULL, 85376664, 85533543, ''),
(332, 38, 57, 'AMAURI', 'GODINES', '', NULL, 97699759, 96408665, ''),
(333, 12, 15, 'GUIOMAR', 'LUNA', 'RUA 6 Nº68  COND BRAGANÇA /RS040', NULL, 34938474, 0, ''),
(334, 37, 25, 'LILIAN EVELISE  MACHADO', 'FUZILICA', 'RUA GIRASOL Nº95', NULL, 34939804, 84023597, 'LILIANDAETA@GMAIL.COM'),
(335, 21, 57, 'EVERTON BAIANO', 'SOL', '', NULL, 94265630, 0, ''),
(336, 29, 57, 'PAULO', 'TOB', '', NULL, 34340229, 0, ''),
(337, 13, 57, 'GENO', 'PINK', '', NULL, 34984025, 96974715, ''),
(338, 33, 12, 'MARLI SILVEIRA', 'NINA', 'RUA  GENERAL CAMARA 170 AP 102', NULL, 98981186, 30458355, ''),
(339, 37, 26, 'VICTORIA', 'ISA', 'AV DAS PALMEIRAS 162', NULL, 81980125, 0, ''),
(340, 8, 14, 'FLAVIA', 'SOMALIA', 'RUA E Nº11', NULL, 93236061, 0, ''),
(341, 37, 14, 'FLAVIA', 'LOLI', 'RUA E Nº11', NULL, 93236061, 0, ''),
(342, 40, 24, 'JOAO PAULO', 'TOB', 'EMILIA FABRICIO PACHECO Nº83', NULL, 0, 0, ''),
(343, 12, 52, 'RITA', 'CHOKITO', 'RUA SÃO JOAO Nº85', NULL, 30461541, 0, ''),
(344, 21, 30, 'NORMA FRANCO', 'THEO', 'RUA AV SENADOR SALGADO FILHO 9483 CASA 23', NULL, 34851256, 94684482, ''),
(345, 29, 57, 'MAE DO  THEBICOS', 'BILL', '', NULL, 34353695, 0, ''),
(346, 37, 26, 'SHIRLEI', 'MEG', 'RUA DAS AZALEIAS Nº166 CASA 2', NULL, 97695720, 0, ''),
(347, 37, 26, 'SHIRLEI', 'PINK', 'RUA DAS AZALEIAS Nº166 CASA 2', NULL, 97695720, 0, ''),
(348, 40, 26, 'SHIRLEI', 'CACAU', 'RUAS DAS AZALEIAS Nº166 CASA 2', NULL, 97695720, 0, ''),
(349, 37, 16, 'CLAUDIA ', 'JANET', 'LOTE 123 CONDADO', NULL, 93235205, 0, ''),
(350, 24, 57, 'DONA DO BILLI', 'BILLI', '', NULL, 99929005, 0, ''),
(351, 21, 35, 'ROSAURA TERMANN', 'BEKA', '', NULL, 93434890, 92724474, ''),
(352, 33, 35, 'ROSAURA TERMANN', 'ISHA', '', NULL, 93434890, 92724474, ''),
(353, 33, 35, 'ROSAURA TERMANN', 'THEO', '', NULL, 93434890, 92724474, ''),
(354, 15, 16, 'SIRCE', 'JUJUBA', 'LOTE 31 CONDADO', NULL, 30543423, 0, ''),
(355, 32, 12, 'ISABEL SALÃO DE BELEZA', 'JADE', '', NULL, 98173393, 0, ''),
(356, 32, 12, 'ISABEL SALÃO DE BELEZA', 'MEG', '', NULL, 98173393, 0, ''),
(357, 32, 12, 'ISABEL SALÃO DE BELEZA', 'HANNA', '', NULL, 98173393, 0, ''),
(358, 37, 21, 'ENILDA MAE DA CAROL', 'LADY', '', NULL, 96196190, 0, ''),
(359, 29, 51, 'DANIELA BITTENCURT VIERA', 'PRETA', 'RUA PRESIDENTE CASTELO BRANCO 920', NULL, 99384499, 85543798, ''),
(360, 29, 57, 'SITIO TIA PEDRO', '3 POODLE', '', NULL, 0, 0, ''),
(361, 12, 46, 'ANA MAE DA BARBARA', 'AMELIA', 'RUA MANOEL NEVES FILHO Nº304 Pda39', NULL, 34463098, 0, ''),
(362, 12, 46, 'ANA MAE DA BARBARA', 'MEL', 'RUA MANOEL NEVES FILHO Nº304 Pda39', NULL, 34463098, 0, ''),
(363, 29, 52, 'VANESSA', 'BELINHA', 'RUA BECO DA ALEGRIA Nº64', NULL, 85229022, 0, ''),
(364, 29, 52, 'VANESSA', 'SNOOP', 'RUA BECO DA ALEGRIA Nº64', NULL, 85229022, 0, ''),
(365, 29, 12, 'DENISE FERREIRA', 'ZIGGY', 'ACORES Nº 358', NULL, 0, 0, ''),
(366, 21, 57, 'PATRICIA OLIVEIRA', 'LUPITA', '', NULL, 81978508, 99938121, ''),
(367, 38, 12, 'MICHELLE GALVAO DA SILVA', 'OLIVIA', ' RUA FRANCISCO VAZ FERREIRA FILHO 171 AP 02', NULL, 98803585, 98803576, 'MICHELESCORREA@GMAIL.COM'),
(368, 28, 34, 'PATRICIA TOLEDO DE SOUZA', 'TOMM', 'RUA IRANI Nº529 Pda42', NULL, 99710236, 99925032, ''),
(369, 32, 53, 'JUCELI', 'ODDY', 'RS 040 Nº11688 ', NULL, 34934646, 0, ''),
(370, 12, 51, 'INES INHAIA', 'BEBE', 'RUA PRESIDENTE CASTELO BRANCO 470', NULL, 99533279, 0, ''),
(371, 12, 12, 'AMAURI TINTAS', 'PIPOCA', 'CASA 9 COND ATRAZ DO NACIONAL', NULL, 92818783, 0, ''),
(372, 16, 52, 'VIVIAN FRAGA', 'TOBB', 'RUA MARCOS HENRIQUE TELLES FERREIRA Nº301', NULL, 34856399, 98844854, ''),
(373, 29, 52, 'VIVIAN FRAGA', 'SNOOP', 'RUA MARCOS HENRIQUE TELLES FERREIRA Nº301', NULL, 34856399, 98844854, ''),
(374, 32, 26, 'PATRICIA MAYER', 'BARTH', 'AV IPES AMARELOS Nº160 CASA 5', NULL, 91495412, 0, ''),
(375, 32, 26, 'PATRICIA MAYER', 'SLASH', 'AV IPE AMARELOS Nº 160 CASA 5', NULL, 91495412, 0, ''),
(376, 33, 57, 'ELIANE', 'XURUPITA', 'JOSE GARIBALDE  Nº40', NULL, 98485484, 0, ''),
(377, 32, 38, 'VERIDIANA PACHECO', 'BOMBOM', 'PEDRO MOACIR CORDEIRO 815', NULL, 97656642, 96799415, ''),
(378, 30, 12, 'VERENA SANTOS DA COSTA', 'SOFIA', 'RUA JORGE KALIL FLORES 260', NULL, 97161759, 34858092, ''),
(379, 37, 35, 'SILVIA FARIAS', 'BELINHA', 'JOAO CARLOS VIALHO DIAS 802', NULL, 81348251, 0, ''),
(380, 12, 21, '  GUSTAVO FIGUEIRO', 'FREDD', 'OLAVO MIRANDA DE FIGUEREDO 104', NULL, 0, 0, ''),
(381, 21, 21, 'VIRGINIA ARAUJO PEREIRA', 'MARLEY', 'RUA CABRAL DE MENEZES N 608', NULL, 98816591, 30542017, ''),
(382, 11, 4, 'THAIS LOPES FERNANDES', 'MEG', 'AV WALTER JOBIM 890', NULL, 94675885, 85466368, ''),
(383, 29, 17, 'AMANDA ARGENTON DA SILVA', 'MEG', 'RUA FERNANDO DE ANDRADE PRATES 307', NULL, 85914331, 85146939, 'AMANDA_ARGENTON@IBEST.COM.BR'),
(384, 32, 57, 'GISELE ', 'FREDD', '', NULL, 91846742, 30454026, ''),
(385, 37, 12, 'CIONARA NASCIMENTO', 'DRIKA', 'RUA JOSE GARIBALDE 1190', NULL, 34858658, 97493517, ''),
(386, 29, 52, 'JAQUELINE DA SILVEIRA GOMES', 'XARA', 'RUA PERO VAZ DE CAMINHA 379', NULL, 99155844, 97747275, ''),
(387, 29, 21, 'JOCELIA MARIA DE SIQUEIRA', 'NICOLAS', 'RUA OLAVO MIRANDA DE FIGUEIREDO', NULL, 85875161, 0, ''),
(388, 38, 52, 'SABRINA RIBEIRO PACHECO', 'BARTH', 'RUA FRANKLIN NUNES 80', NULL, 99547684, 93584075, ''),
(389, 27, 12, 'NATALIA VEIGA', 'BARAO', 'RUA BENTO GONSALVES 962  AP 203', NULL, 99751805, 30451805, ''),
(390, 18, 57, 'SANDRA HOTEL', 'BRAHMA', '', NULL, 98077890, 0, ''),
(391, 18, 57, 'SANDRA HOTEL', 'CHOPP', '', NULL, 98077890, 0, ''),
(392, 32, 57, 'MARCIA', 'BELINHA', '', NULL, 80432554, 0, ''),
(393, 29, 50, 'ROBERTO LOGARAY', 'VIDA', 'RUA ESTRELA DALVA 118 ', NULL, 81158619, 95851049, ''),
(394, 32, 49, 'JAQUELINE', 'BORIS', 'RUA H  198', NULL, 96464320, 0, ''),
(395, 21, 57, 'MARIANE BOBIK', 'LUMA', '', NULL, 34852293, 97726635, ''),
(396, 32, 52, 'RODRIGO CAMARGO ORIQUES', 'CHARLOTE', 'RUA TRAVESSA SÃO JOAQUIM  40', NULL, 34851643, 82302289, ''),
(397, 29, 57, 'CARMEM LUCIA', 'ROCK', '', NULL, 34853031, 0, ''),
(398, 32, 12, 'GIOVANI FRAGA', 'TEDDY', 'BENTO GONSALVES 1178', NULL, 85116922, 85480832, ''),
(399, 24, 57, 'CAMILA', 'WILLIE', '', NULL, 85539691, 30454659, ''),
(400, 29, 21, 'DENISE LUCAS', 'LULI', 'RUA TEM MARIO TELLES FERREIRA 656', NULL, 96005974, 0, ''),
(401, 32, 23, 'MARCIA HOFFMAN', 'BELINHA', 'RUA JOSE SALDANHA 164', NULL, 80432554, 97133279, ''),
(402, 38, 53, 'PAULO FIGUEIREDO (FLORES)', 'MAX', ' RUA ACESSO 12 CASA 8', NULL, 84261964, 85976684, ''),
(403, 29, 16, 'MARTA CARVALHO DA SILVA', 'FOFA', 'LOTE 156', NULL, 81898738, 30451803, ''),
(404, 29, 57, 'MARLI DUTRA DA ROSA', 'LEO', '', NULL, 91065176, 34858524, ''),
(405, 37, 57, 'TIARLES', 'TOMM', '', NULL, 99354200, 0, ''),
(406, 32, 35, 'CRISTIANE SILVA MARTINS', 'SOFIA', 'RUA FAXINAL DO SOTURNO 163', NULL, 85806488, 85405727, ''),
(407, 21, 17, 'TANIUS', 'FREDD', 'RUA FERNANDO DE ANDRADES PRATES N 171', NULL, 93455867, 93323744, ''),
(408, 38, 57, 'DAIANA', 'LOLA', '', NULL, 84271910, 0, ''),
(409, 32, 57, 'ANINHA', 'TEDDY', '', NULL, 91084554, 92780302, ''),
(410, 37, 57, 'TATIANE', 'PIPOCA', '', NULL, 85297909, 85314969, ''),
(411, 32, 52, 'DEBORA PEDROSO DA LUZ', 'LUCKY', 'RUA MARCOS HENRIQUE TELLES FERREIRA Nº193', NULL, 30453107, 95025959, ''),
(412, 37, 52, 'JULIANA PRADO ROSA', 'LUCKY', 'RUA  PADRE HILDEBRANDO PEDROSO 144', NULL, 34858505, 99621417, ''),
(413, 36, 52, 'RICARDO MACHADO', 'TOBBY', 'RUA PERO VAZ DE CAMINHA 82', NULL, 86456553, 0, ''),
(414, 29, 52, 'JOCELAINE MARQUES DA ROSA', 'PRINCESA', 'RUA  SÃO CRISTOVAO 05', NULL, 99494959, 30457563, ''),
(415, 37, 21, 'FERNANDA', 'MARIA', 'FLODOALDO DE SOUZA FEIJO 849', NULL, 99580794, 0, ''),
(416, 37, 21, 'FERNANDA', 'ALFREDO', 'FLODOALDO DE SOUZA FEIJO 849', NULL, 99580794, 0, ''),
(417, 38, 12, 'CAMILLA ARAUJO ASSAD', 'TITAN', 'ERICO VERRISIMO 286', NULL, 97177915, 96667332, ''),
(418, 4, 12, 'CAMILLA ARAUJO ASSAD', 'AGATHA*', 'ERICO VERRISIMO 286', '', 97177915, 96667332, ''),
(419, 37, 12, 'CAMILLA ARAUJO ASSAD', 'CHARLIE BROW', 'ERICO VERRISIMO 286', NULL, 97177915, 96667332, ''),
(420, 37, 12, 'CAMILLA ARAUJO ASSAD', 'PENNY', 'ERICO VERRISIMO 286', NULL, 97177915, 96667332, ''),
(421, 29, 49, 'BRUNA', 'MILA', ' RUA VISTA ALEGRE 97', NULL, 98709697, 0, ''),
(422, 32, 18, 'RITA', 'LORENZO', 'RUA 8 ESTALAGEM', NULL, 35765438, 0, ''),
(423, 37, 25, 'CLEIZER', 'LIA', 'RUA ARAUCARIA  Nº468', NULL, 84717288, 0, ''),
(424, 32, 30, 'TEREZA DIAS', 'BELINHA', 'RUA BORGES DA FONSECA Nº35', NULL, 34851808, 0, ''),
(425, 38, 57, 'PAULINHA  DO IVO', 'DIMI', '', NULL, 96900529, 0, ''),
(426, 38, 57, 'PAULINHA  DO IVO', 'THEO', '', NULL, 96900529, 0, ''),
(427, 32, 21, 'JULIANA SANTOS DE SOUZA', 'SNOOP', 'CAPITÃO ERMOGENES COELHO 66', NULL, 81955061, 0, ''),
(428, 18, 12, 'GISELE JAEGER', 'AKIRA', 'CIR VAZ FERREIRA 145', NULL, 96108227, 0, ''),
(429, 32, 57, 'CRISTIANE ', 'BOB', '', NULL, 97672766, 0, ''),
(430, 32, 57, 'CRISTIANE', 'FREDD', '', NULL, 97672766, 0, ''),
(431, 32, 57, 'BATISTA', 'MEL', '', NULL, 96884487, 0, ''),
(432, 32, 18, 'DEISE ', 'PRETINHA', 'RUA 2 N51 ESTALAGEM', NULL, 0, 0, ''),
(433, 37, 25, 'CLAUDIA', 'BRAKE', 'RUA GRAVINA Nº75', NULL, 34934797, 0, ''),
(434, 32, 12, 'ANDREA MORAES DOS SANTOS', 'KIKO', 'AV  CORONEL MARCO DE ANDRADE 176 AP 14 GL. ZAVARIZE', NULL, 92155167, 92119873, ''),
(435, 32, 20, 'BRUNA SHAIANE', 'BELINHA', 'ROD ACRISIO PRATES 250', NULL, 99452816, 0, ''),
(436, 11, 32, 'THOR CHOWCHOW', 'THOR', 'RUA ALCANTRA MACHADO Nº55 ', NULL, 86352552, 0, ''),
(437, 20, 57, 'EDUARDO', 'BRUCK', '', NULL, 81864104, 3493, ''),
(438, 24, 37, 'RENATA LUISAURA MORAES DA COSTA', 'PINK', 'RUA ALFERES ANOTONIO DA FONTOURA Nº 92', NULL, 98598954, 96174268, ''),
(439, 29, 21, 'TAMARA', 'BELINHA', 'RUA DEMETRIO RIBEIRO 58', NULL, 34858468, 0, ''),
(440, 38, 21, 'TAMARA', 'IVI', 'RUA DEMETRIO RIBEIRO 58', NULL, 34858468, 0, ''),
(441, 12, 12, 'RITA BEATRIZ RIGOTTI BERNARDO', 'CHIQUINHA', 'RUA JOSE GARIBALDI 520 ', NULL, 95171277, 30467620, ''),
(442, 38, 21, 'EVA MATILDE', 'NINA', 'RUA OLAVO MIRANDA DE FIGUEIREDO Nº395', NULL, 96127414, 98203865, ''),
(443, 19, 8, 'ALVARO ROGERIO PERREIRA LENZ', 'ROMER', 'COND LOTE T 17', NULL, 99919262, 99912929, ''),
(444, 40, 52, 'IGOR LIMA', 'MEG', 'RUA RS118 Nº1950', NULL, 97574921, 30457756, ''),
(445, 29, 52, 'ANDRESSA PEREIRA', 'GUGA', 'RUA CANCIO GOMES Nº 250', NULL, 80395336, 0, ''),
(446, 37, 52, 'MARIA LUCIA SERRANO ELIAS', 'GURIAZINHA', 'RUA ANTONIA DE FRAGA RAMOS 231', NULL, 99662003, 34924057, ''),
(447, 37, 52, 'MARIA LUCIA SERRANO ELIAS', 'DOGAO', 'RUA ANTONIA DE FRAGA RAMOS 231', NULL, 99662003, 34924057, ''),
(448, 37, 52, 'MARIA LUCIA SERRANO ELIAS', 'BOLA', 'RUA ANTONIA DE FRAGA RAMOS 231', NULL, 99662003, 34924057, ''),
(449, 37, 52, 'MARIA LUCIA SERRANO ELIAS', 'BOLINHA', 'RUA ANTONIA DE FRAGA RAMOS 231', NULL, 99662003, 34924057, ''),
(450, 23, 52, 'MARIA LUCIA SERRANO ELIAS', 'BERNARDO', 'RUA ANTONIA DE FRAGA RAMOS 231', NULL, 99662003, 34924057, ''),
(451, 19, 23, 'TIAGO', 'NINA', 'RUA ANTONIO PEREIRA CORUJA 56', NULL, 99220413, 0, ''),
(452, 32, 56, 'CARLOS', 'SCOTT', ' RUA PONCIANO DA SILVA 202', NULL, 0, 0, ''),
(453, 32, 49, 'GILMAR TELLES', 'NANINHA', 'RUA MANE GARRINCHA 160', NULL, 96682499, 85877723, ''),
(454, 24, 57, 'IGREJA ASSEMBLEIA', 'BELA', '', NULL, 0, 0, ''),
(455, 24, 57, 'IGREJA ASSEMBLEIA', 'ANINHA', '', NULL, 0, 0, ''),
(456, 29, 57, 'NAIMA ALLEM', 'KAPITU', 'RUA ACORES 275', NULL, 92590776, 34851085, ''),
(457, 32, 18, 'JOSIANE GALARÇA', 'LUCKY', 'RUA DJALMA VEIGA 53', NULL, 84602748, 85625081, ''),
(458, 37, 42, 'JONATAS SEOLATO DOS SANTOS', 'SPIKE', 'RUA 29 DE JULHO 322', NULL, 95768503, 98292145, ''),
(459, 38, 57, 'ALESSANDRA', 'FILHO', '', NULL, 96510013, 0, ''),
(460, 37, 8, 'ANELISE', 'BINHO', 'LOTE Z-08 ', NULL, 84020955, 0, ''),
(461, 37, 32, 'CAROLINE', 'MEL', 'RUA FRANCISCO CANQUERINE Nº63', NULL, 84891990, 30453084, ''),
(462, 32, 32, 'CAROLNE', 'SPIKE', 'RUA FRANCISCO CANQUERINE Nº63', NULL, 84891990, 30453084, ''),
(463, 11, 18, 'MONIKE DE MOURA MACHADO', 'LUCKY', 'RUA 18 333', NULL, 85061131, 84793935, ''),
(464, 20, 52, 'MAICON', 'ATILA', 'BENTO GONSALVES 2107(FERRAGEM)', NULL, 92012587, 0, ''),
(465, 38, 57, 'FABIANE AGUIAR', 'FADINHA', '', NULL, 0, 0, ''),
(466, 38, 57, 'FABIANE AGUIAR', 'MANCHINHA', '', NULL, 0, 0, ''),
(467, 29, 6, 'ROSA MALENA NECCHI DAVID', 'PRINCESA', 'NILO SCUR 231 Pd47', NULL, 98150917, 82553020, ''),
(468, 29, 6, 'ROSA MALENA NECCHI DAVID', 'LAIKA', 'NILO SCUR 231 Pd47', NULL, 98150917, 0, ''),
(469, 29, 6, 'ROSA MALENA NECCHI DAVID', 'LUCKY', 'NILO SCUR 231 Pd47', NULL, 98150917, 0, ''),
(470, 37, 52, 'LOECI DA ROCHA BARBOSA', 'MARCIANA', 'RUA JOSE MARTINS 486', NULL, 34853098, 96170786, ''),
(471, 19, 16, 'CATIA', 'LORENA', 'LOTE 213', NULL, 99651935, 82452777, ''),
(472, 3, 16, 'CATIA', 'TROY', 'LOTE 213', NULL, 99651935, 82452777, ''),
(473, 38, 57, 'DENISE IBERE SOARES CARDOSO DA ROCHA', 'PINK', '', NULL, 34921907, 0, ''),
(474, 32, 57, 'DENISE IBERE SOARES CARDOSO DA ROCHA', 'LILI', '', NULL, 34921907, 0, ''),
(475, 32, 57, 'MELINA', 'KIM', 'Pda 39', NULL, 99639552, 0, ''),
(476, 19, 57, 'MELINA', 'BOB', 'Pda 39', NULL, 99639552, 0, ''),
(477, 37, 57, 'SIDNEI', 'RE', '', NULL, 34935720, 91684707, ''),
(478, 32, 57, ' EMERSON', 'SOFIA', '', NULL, 85806488, 0, ''),
(479, 38, 30, 'ENILDA  ', 'DUDA', 'R. ALEXANDRE BRAGA 260', NULL, 99652503, 0, ''),
(480, 42, 21, 'ROBERTA', 'ILA', 'RUA PERO VAZ DE CAMINHA Nº412', NULL, 91960457, 0, ''),
(481, 32, 45, 'SABRINA OLIVEIRA PEIXOTO', 'NENE', 'R. A Nº475', NULL, 91363587, 84320711, ''),
(482, 16, 12, 'PATRICIA  DE MOURA MACHADO ARRUDA', 'MEG', 'RUA CORONEL RESENDE 82', NULL, 96412757, 34853337, ''),
(483, 29, 49, 'LETICIA/MAIKEL', 'SHAKIRA', 'RUA E Nº460', NULL, 85939280, 0, ''),
(484, 29, 25, 'VALERIA', 'BIBO', 'RUA BEGONIA Nº50', NULL, 34469587, 0, ''),
(485, 37, 11, 'CARLA ROSANE GODINHO ESTEVES', 'GORDINHA', 'RUA 8 215', NULL, 81358097, 92850088, ''),
(486, 29, 11, 'CARLA ROSANE GODINHO ESTEVES', 'KIKO', 'RUA 8 215', NULL, 81358097, 92850088, ''),
(487, 32, 57, 'JOSI HANEL', 'POLI', '', NULL, 93841076, 92870911, ''),
(488, 20, 55, 'JANAINA/JANIO', 'FLINK', 'RUA CAMBARA Nº130 Pda 47', NULL, 92379442, 0, ''),
(489, 22, 55, 'JANAINA/JANIO', 'TUTTY', 'RUA CAMBARA Nº130 Pda 47', NULL, 92379442, 0, ''),
(490, 32, 25, 'ANDRESSA SOARES DE OLIVEIRA', 'RAMONA', 'RUA BEGONIA Nº500', NULL, 98329748, 81080150, ''),
(491, 32, 25, 'ANDRESSA SOARES DE OLIVEIRA', 'DORY', 'RUA BEGONIA Nº500', NULL, 82711038, 81080150, ''),
(492, 42, 52, 'ELIANE', 'CRISTALDO', 'RUA DUQUE DE CAXIAS Nº344', NULL, 99531471, 34854072, ''),
(493, 37, 57, 'MARTA  ', 'BUZUGA', '', NULL, 97508452, 0, ''),
(494, 37, 12, 'TIA DO FUSCA', 'ESPANADOR', '', NULL, 0, 0, ''),
(495, 29, 25, 'ESTHER MARTINS', 'BILLI', 'RUA ARAUCARIA  Nº312', NULL, 81094470, 84716922, ''),
(496, 29, 18, 'CARLOS', 'DIEGO', 'FREDERICO MENTZ', NULL, 34858303, 0, ''),
(497, 24, 18, 'CARLOS', 'BELA', 'FREDERICO MENTZ', NULL, 34858303, 0, ''),
(498, 29, 12, 'SANDRA', 'DUDU', 'ERICO VERRISIMO', NULL, 82223853, 83318960, ''),
(499, 32, 17, 'BRUNO', 'MAXX', '', NULL, 93793299, 0, ''),
(500, 32, 16, 'SIRLEI', 'BOB', 'LOTE 228', NULL, 0, 0, ''),
(501, 32, 16, 'SIRLEI', 'SHER', 'LOTE 228', NULL, 0, 0, ''),
(502, 32, 16, 'SIRLEI', 'SNOOP', 'LOTE 228', NULL, 0, 0, ''),
(503, 29, 57, 'TEREZINHA', 'MEG', '', NULL, 34851546, 96797177, ''),
(504, 37, 17, 'LISIANE TIA LISI', 'KIKO', 'FERNANDO DE ANDRADE PRATES Nº246', NULL, 81600021, 0, ''),
(505, 37, 17, 'LISIANE TIA LISI', 'BETHOVEM', 'FERNANDO DE ANDRADE PRATES Nº246', NULL, 81600021, 0, ''),
(506, 32, 12, 'BRENDA DE SOUZA CERVELIN', 'MALU', 'RUA GEN CAMARA 140 AP 202', NULL, 98499400, 99773408, ''),
(507, 22, 7, 'CRISTIANE GODOY', 'PITCHULA', 'PASSO DO MORRINHO 2030', NULL, 85255854, 86457153, ''),
(508, 1, 18, 'NEGAO', 'KIKA', 'RUA 16 Nº 205', NULL, 85510835, 0, ''),
(509, 29, 53, 'KELEM', 'GURI', 'RS 040 Nº12500', NULL, 99165382, 0, ''),
(510, 37, 35, 'LIZANDRA MALI', 'SAIKAN', 'ANTONIO MANUEL GOULART 186', NULL, 34341556, 0, ''),
(511, 29, 52, 'NEIVA MAE TAINARA', 'DUDA', 'RS118', NULL, 34939308, 0, ''),
(512, 35, 52, 'FELIPE ', 'ZULU', 'TRAVESSA SÃO PAULO', NULL, 98307627, 83389962, ''),
(513, 19, 12, 'ALEXANDRE ABBA', 'CHUPAKA', 'ESTRADA CAMINHO DO MEIO', NULL, 94326972, 94299245, ''),
(514, 37, 52, 'SANDRA SAMPLAST', 'DODY', 'RS 118 4050', NULL, 91163041, 30461666, ''),
(515, 37, 52, 'SANDRA SAMPLAST', 'FOGUINHO', 'RS 118 4050', NULL, 91163041, 30461666, ''),
(516, 11, 12, 'CARA DA AMBEV', 'GUGU', 'RUA WALL DISNEY Nº 47', NULL, 84829312, 34852583, ''),
(517, 9, 12, 'CARA DA AMBEV', 'TED', 'RUA WALL DISNEY Nº 47', NULL, 84829312, 34852583, ''),
(518, 37, 12, 'CARA DA AMBEV', 'PITU', 'RUA WALL DISNEY Nº 47', NULL, 84829312, 34852583, ''),
(519, 38, 12, 'CARA DA AMBEV', 'PITO', 'RUA WALL DISNEY Nº 47', NULL, 84829312, 34852583, ''),
(520, 40, 57, 'CARINA', 'ALFREDO', '', NULL, 82705249, 0, ''),
(521, 29, 57, 'MARIBEL NERY', 'PENELOPE', '', NULL, 94478959, 0, ''),
(522, 38, 12, 'IVONETE PAREDES', 'PEDRO HENRIQUE', 'AV MENDANHA 639', NULL, 34850607, 85828463, ''),
(523, 38, 12, 'IVONETE PAREDES', 'TITA', 'AV MENDANHA 639', NULL, 34850607, 85828463, ''),
(524, 11, 52, 'GISELE JUNIOR', 'LEONA', 'BECO DO CASCUDO Nº271', NULL, 30457563, 0, ''),
(525, 29, 21, ' DEISE', 'PIERRE', 'BAR DA DEISE', NULL, 0, 0, ''),
(526, 12, 52, 'BRUNA', 'THEO', 'JOSE MARTINS 552', NULL, 0, 0, ''),
(527, 15, 57, 'AMANDA ', 'PEPA', '', NULL, 97079567, 0, ''),
(528, 24, 57, 'ROBERTA', 'PITT', '', NULL, 85269524, 0, ''),
(529, 37, 8, 'ANELISE', 'LUCK', 'LOTE Z-08 ', NULL, 84020955, 0, ''),
(530, 37, 20, 'LUIS', 'TIBERIUM', 'PASSO DO MORRINHO 9977', NULL, 86065037, 0, ''),
(531, 25, 12, 'LOUISE', 'LOBO', '', NULL, 34342035, 80459876, ''),
(532, 29, 57, 'MARCIA', 'BIDU', '', NULL, 31297775, 0, ''),
(533, 12, 18, 'SANDRA', 'RAGI', 'RUA 25  106', NULL, 34921423, 0, ''),
(534, 32, 57, 'ELI', 'BETHOVEM', '', NULL, 34921465, 0, ''),
(535, 29, 52, 'ANGELINA', 'FREDD', 'RUA JOSE MARTINS 212', NULL, 84140805, 0, ''),
(536, 38, 18, 'IASMIN/CHEILA', 'TED', 'RUA 28 Nº42  ESTALAGEM', NULL, 85174801, 0, ''),
(537, 29, 42, 'CASSIA', 'BUD', 'RUA P Nº40 PROMORAR', NULL, 85970706, 0, ''),
(538, 26, 18, 'LIANE NASCIMENTO', 'MIMOSO', 'RUA 29 Nº46/39', NULL, 92285593, 84717940, ''),
(539, 29, 52, 'CATARINA', 'SCOOB', 'RUA CLARESTINO DE ANDRADE Nº436', NULL, 34445198, 96061790, ''),
(540, 32, 56, 'ANDREIA SOUZA', 'ZACARIAS', 'RUA TRAVESSA PONCIANO DA SILVA MALTA 441', NULL, 84628719, 84653678, ''),
(541, 14, 52, 'DONA ELZA', 'BELA', 'JOSE MARTINS 598', NULL, 0, 0, '');
INSERT INTO `client` (`idClient`, `breed_idBreed`, `address_idAddress`, `owner`, `nameAnimal`, `addressNumber`, `addressComplement`, `phone1`, `phone2`, `email`) VALUES
(542, 14, 52, 'DONA ELZA', 'MAXX', 'JOSE MATINS 598', NULL, 0, 0, ''),
(543, 27, 57, 'VERIDIANA PACHECO', 'ARTHUR', '', NULL, 0, 0, ''),
(544, 19, 57, 'DEBORA', 'MARLEY', '', NULL, 91417773, 92834302, ''),
(545, 37, 57, 'KELLY', 'DUKE', 'RUA 2 Nº492 ESTALAGEM', NULL, 99800908, 0, ''),
(546, 22, 57, 'KELLY', 'MEL', 'RUA 2 Nº492', NULL, 99800908, 0, ''),
(547, 19, 12, 'FATIMA FREITAS', 'FIONA', ' RUA TELMO DE GODOY PINTO Nº849', NULL, 93191606, 93193142, ''),
(548, 29, 16, 'MARTA CARVALHO DA SILVA', 'BOB', 'LOTE 156', NULL, 30451803, 81898738, ''),
(549, 32, 53, 'CAMILA DA SILVA', 'BOLINHA', 'ACESSO 2 N º112', NULL, 96974585, 96529267, ''),
(550, 19, 40, 'JOEL', 'GOLDEM', 'AV PRES.GETULIO VARGAS Nº6345 SITIO DA LAGOA', NULL, 99765093, 0, ''),
(551, 38, 12, 'SIOMARA', 'SPIKE', 'RUA RAUL CABRAL DE MENEZES 36', NULL, 99393549, 34936001, ''),
(552, 32, 5, 'ALINE', 'ZEZINHO', 'RUA ANTILHAS 35', NULL, 94619238, 34351084, ''),
(553, 25, 27, 'ANA CRISTINA', 'SLINK', 'RUA  PADRE DIOGO DE BORBA 255', NULL, 30336658, 92475448, ''),
(554, 13, 16, 'RAFAELA BOSSATTO', 'DANA', 'LOTE 84', NULL, 0, 0, ''),
(555, 37, 27, 'ANA CRISTINA', 'SOFIA', 'RUA PADRE DIOGO DE BORBA 255', NULL, 30336658, 92503141, ''),
(556, 38, 52, 'ROSE RODRIGUES', 'SANO', 'RUA  FERNANDO ROCHA VIEIRA 174', NULL, 34467192, 99375612, ''),
(557, 29, 12, 'VANESSA LUMEHERTZ', 'LOLA', '', NULL, 30458550, 0, ''),
(558, 21, 12, 'VANESSA LUMEHERTZ', 'MARIA CHIQUINHA', '', NULL, 30458550, 0, ''),
(559, 32, 21, 'JOELMA PRESTES', 'THOR', 'BECO DA XURUPITA Nº70', NULL, 34857409, 93790671, ''),
(560, 37, 52, 'TOKINHO', 'TOKINHO', 'JOSE MARTINS  Nº818', NULL, 0, 0, ''),
(561, 20, 12, 'LONI', 'BOB', 'LUIS ROSSETI 545', NULL, 34850201, 0, ''),
(562, 37, 49, 'LELY', 'ENZO', 'RUA ''A'' Nº188', NULL, 0, 0, ''),
(563, 12, 57, 'EDUARDA', 'DARA', '', NULL, 98224962, 34469252, ''),
(564, 37, 57, 'DENISE ', 'FELI', '', NULL, 99692113, 30547773, ''),
(565, 32, 32, 'CAMILA', 'MAYA', 'AV LISBOA  551', NULL, 0, 0, ''),
(566, 21, 57, 'MARIA LUCIA SERRANO ELIAS', 'TOB', 'RUA ANTONIA DE FRAGA RAMOS 231', NULL, 34924057, 0, ''),
(567, 29, 52, 'SIMONE', 'PITUKA', '', NULL, 85260509, 0, ''),
(568, 11, 12, 'KING', 'KING', '', NULL, 30464267, 84559294, ''),
(569, 21, 12, 'CRISTIANE', 'MARLEY', 'RAUL CABRAL DE MENEZES 608', NULL, 30542017, 0, ''),
(570, 19, 21, 'LUCIANE KUFNER', 'BUD', 'FLODOALDO DE SOUZA FEIJO 636', NULL, 81941919, 34923357, ''),
(571, 20, 57, 'PAIN HOTELARIA', 'BELA', '', NULL, 0, 0, ''),
(572, 29, 57, 'ROSE', 'NALA', '', NULL, 84121564, 0, ''),
(573, 12, 56, 'MARINA', 'BEBE', 'RUA SERGIO CARDOSO Nº1551', NULL, 85256392, 0, ''),
(574, 37, 48, 'Dr LEONITA', 'GIGI', 'RUA PAISSANDU Nº 235', NULL, 34851137, 0, ''),
(575, 12, 48, 'Dr LEONITA', 'TED', 'RUA PAISSANDU Nº 235', NULL, 34851137, 0, ''),
(576, 37, 17, 'CARMEM', 'ROCKY', 'RUA  IDALINO FERNANDES DE OLIVEIRA 212', NULL, 34853031, 0, ''),
(577, 38, 12, 'ZAIDA PETRY', 'MEL', '', NULL, 0, 0, ''),
(578, 18, 57, 'MARINES', 'LEAO', '', NULL, 34854261, 0, ''),
(579, 18, 12, 'MARLI', 'PRETA', 'OPERARIOS', NULL, 34921891, 0, ''),
(580, 29, 57, 'MARA', 'LULI', '', NULL, 99328793, 0, ''),
(581, 37, 30, 'ADRIANA', 'PRETO', 'DIOGO BOTELHO 195', NULL, 91990954, 0, ''),
(582, 29, 18, 'VIRGINIA', 'ATILA', 'ESTALAGEM', NULL, 34443580, 0, ''),
(583, 21, 57, 'ALEXANDRO', 'BOLD', '', NULL, 84995134, 0, ''),
(584, 37, 57, 'ELISANGELA', 'SENDY', '', NULL, 34859304, 0, ''),
(585, 20, 57, 'VICK', 'VICK', '', NULL, 0, 0, ''),
(586, 20, 57, 'MEL', 'MEL', '', NULL, 0, 0, ''),
(587, 32, 7, 'BELINHA', 'PEEB', 'SITIO FROES', NULL, 0, 0, ''),
(588, 32, 7, 'PATRICE FROES', 'PENNY', 'SITIO FROES', NULL, 0, 0, ''),
(589, 31, 7, 'PATRICE FROES', 'ROXXY', 'SITIO FROES', NULL, 0, 0, ''),
(590, 29, 57, 'JONAS', 'NICOLE', '', NULL, 34441725, 0, ''),
(591, 29, 57, 'JONAS', 'NATASHA', '', NULL, 34441725, 0, ''),
(592, 36, 57, 'JONAS', 'MIUKI', '', NULL, 34441725, 0, ''),
(593, 37, 57, 'CAROLINA NILHO', 'ROYCE', 'PARQUE DAS AGUAS', NULL, 82192165, 0, ''),
(594, 25, 18, 'ADILSOM', 'CHOCO', 'RUA 17 Nº05', NULL, 84619435, 0, ''),
(595, 25, 35, 'DOUGLAS MOROSINI', 'RICA', 'RUA DONA EULALIA Nº31', NULL, 84040570, 85430983, ''),
(596, 20, 18, 'ROGERIO', 'BONI', 'RUA 21', NULL, 91471773, 0, ''),
(597, 21, 57, 'PABLA', 'NINA', '', NULL, 0, 0, ''),
(599, 17, 12, 'CAMILLA ARAUJO ASSAD', 'cao novo', 'ERICO VERRISIMO 286', '', 97177915, 96667332, ''),
(600, 29, 51, 'Eduardo da Silva Souza', 'bidu', 'Rua Begônia (Jardim Fiuza) N85', '', 34928419, 818882850, 'eduardo_souza96@hotmail.com'),
(601, 53, 51, 'Eduardo da Silva Souza', 'mel', 'Rua Begônia (Jardim Fiuza) N85', '', 34928419, 818882850, 'eduardo_souza96@hotmail.com');

-- --------------------------------------------------------

--
-- Table structure for table `diary`
--

CREATE TABLE IF NOT EXISTS `diary` (
  `idDiary` int(10) unsigned NOT NULL AUTO_INCREMENT,
  `client_idClient` int(10) unsigned NOT NULL,
  `servic_idServic` int(10) NOT NULL,
  `search` tinyint(1) DEFAULT '0',
  `price` decimal(10,2) NOT NULL,
  `deliveryPrice` decimal(10,2) DEFAULT NULL,
  `totalPrice` decimal(10,2) NOT NULL,
  `dateHour` timestamp NULL DEFAULT NULL,
  `status` int(11) NOT NULL,
  `package_idPackage` int(11) NOT NULL DEFAULT '0',
  PRIMARY KEY (`idDiary`),
  KEY `diary_FKIndex1` (`client_idClient`),
  KEY `diary_FKIndex2` (`servic_idServic`)
) ENGINE=MyISAM  DEFAULT CHARSET=latin1 AUTO_INCREMENT=182 ;

--
-- Dumping data for table `diary`
--

INSERT INTO `diary` (`idDiary`, `client_idClient`, `servic_idServic`, `search`, `price`, `deliveryPrice`, `totalPrice`, `dateHour`, `status`, `package_idPackage`) VALUES
(1, 1, 1, 1, '10.00', '4.00', '14.00', '2016-12-11 12:30:00', 0, 0),
(2, 1, 1, 1, '20.00', '8.00', '28.00', '2016-12-11 12:00:00', 0, 0),
(3, 3, 2, 0, '30.00', '10.00', '40.00', '2016-12-11 10:00:00', 1, 0),
(4, 3, 2, 0, '30.00', '10.00', '40.00', '2016-12-11 10:00:00', 1, 0),
(5, 1, 1, 0, '20.00', '10.00', '30.00', '2016-12-11 10:30:00', 1, 0),
(6, 2, 2, 0, '30.00', '10.00', '40.00', '2016-12-11 11:00:00', 1, 0),
(7, 1, 1, 0, '20.00', '10.00', '30.00', '2016-12-11 11:00:00', 1, 0),
(8, 1, 4, 0, '40.00', '10.00', '50.00', '2016-12-11 11:00:00', 1, 0),
(9, 2, 5, 0, '60.00', '10.00', '70.00', '2016-12-11 11:30:00', 1, 0),
(10, 2, 5, 0, '60.00', '10.00', '70.00', '2016-12-11 11:30:00', 1, 0),
(11, 2, 5, 0, '60.00', '10.00', '70.00', '2016-12-11 11:30:00', 1, 0),
(12, 2, 5, 1, '60.00', '10.00', '70.00', '2016-12-11 11:30:00', 1, 0),
(13, 2, 5, 1, '60.00', '10.00', '70.00', '2016-12-11 11:30:00', 1, 0),
(14, 2, 5, 0, '60.00', '10.00', '70.00', '2016-12-11 11:30:00', 1, 0),
(15, 2, 5, 1, '60.00', '10.00', '70.00', '2016-12-11 11:30:00', 0, 0),
(16, 3, 2, 1, '30.00', '10.00', '40.00', '2016-12-11 16:00:00', 0, 0),
(17, 1, 4, 1, '40.00', '10.00', '50.00', '2016-12-11 16:30:00', 0, 0),
(18, 1, 4, 1, '40.00', '10.00', '50.00', '2016-12-11 18:00:00', 0, 0),
(19, 3, 5, 1, '60.00', '10.00', '70.00', '2016-12-11 17:30:00', 0, 0),
(20, 3, 5, 0, '60.00', '10.00', '70.00', '2016-12-11 19:00:00', 0, 0),
(21, 1, 1, 1, '20.00', '10.00', '30.00', '2016-12-11 18:30:00', 0, 0),
(22, 1, 1, 0, '20.00', '10.00', '30.00', '2016-12-11 13:30:00', 0, 0),
(23, 3, 2, 1, '30.00', '10.00', '40.00', '2016-12-11 13:30:00', 0, 0),
(24, 1, 1, 1, '20.00', '10.00', '30.00', '2016-12-11 14:00:00', 1, 0),
(25, 5, 86, 0, '90.00', '10.00', '100.00', '2016-12-11 14:30:00', 0, 0),
(26, 5, 85, 1, '80.00', '10.00', '90.00', '2016-12-11 17:00:00', 0, 0),
(27, 5, 85, 0, '80.00', '0.00', '0.00', '2016-12-11 15:30:00', 0, 0),
(28, 5, 85, 1, '80.00', '10.00', '90.00', '2016-12-11 10:00:00', 0, 0),
(29, 5, 86, 0, '90.00', '0.00', '90.00', '2017-01-12 10:00:00', 1, 0),
(30, 5, 86, 1, '90.00', '10.00', '100.00', '2017-01-12 10:30:00', 1, 0),
(31, 5, 86, 0, '90.00', '0.00', '90.00', '2017-01-12 11:00:00', -1, 0),
(32, 3, 62, 0, '90.00', '0.00', '90.00', '2017-01-12 11:30:00', 1, 0),
(33, 3, 61, 0, '80.00', '0.00', '80.00', '2017-01-12 12:00:00', 2, 0),
(34, 5, 85, 0, '80.00', '0.00', '80.00', '2017-01-12 12:30:00', 2, 0),
(35, 5, 87, 0, '120.00', '0.00', '120.00', '2017-01-12 13:00:00', -1, 0),
(36, 3, 61, 0, '80.00', '0.00', '80.00', '2017-01-12 13:30:00', 1, 0),
(37, 3, 62, 0, '90.00', '0.00', '90.00', '2017-01-12 14:00:00', 1, 0),
(38, 5, 86, 0, '90.00', '0.00', '90.00', '2017-01-12 14:30:00', 1, 0),
(39, 5, 85, 0, '80.00', '0.00', '80.00', '2017-01-12 15:00:00', -1, 0),
(40, 5, 86, 0, '90.00', '0.00', '90.00', '2017-01-12 15:30:00', 1, 0),
(41, 3, 63, 0, '120.00', '0.00', '120.00', '2017-01-12 16:00:00', 0, 0),
(53, 9, -1, 0, '200.00', '0.00', '200.00', '2017-02-09 10:00:00', 0, 0),
(52, 9, -1, 0, '200.00', '0.00', '200.00', '2017-02-02 10:00:00', 0, 0),
(51, 9, -1, 0, '200.00', '0.00', '200.00', '2017-01-26 10:00:00', 0, 0),
(50, 9, -1, 0, '200.00', '0.00', '200.00', '2017-01-19 10:00:00', 0, 0),
(54, 4, 55, 0, '80.00', '0.00', '80.00', '2017-01-26 10:00:00', 0, 0),
(55, 9, -2, 0, '100.00', '0.00', '100.00', '2017-01-26 11:00:00', 0, 0),
(56, 9, -2, 0, '100.00', '0.00', '100.00', '2017-02-09 11:00:00', -1, 0),
(57, 4, 56, 0, '90.00', '0.00', '90.00', '2017-02-09 10:30:00', 0, 0),
(58, 9, -1, 0, '200.00', '0.00', '200.00', '2017-02-09 11:30:00', 0, 0),
(59, 9, -1, 0, '200.00', '0.00', '200.00', '2017-02-16 11:30:00', 0, 0),
(60, 9, -1, 0, '200.00', '0.00', '200.00', '2017-02-23 12:30:00', 0, 0),
(61, 9, -1, 0, '200.00', '0.00', '200.00', '2017-03-02 12:30:00', 0, 0),
(62, 9, -2, 1, '100.00', '10.00', '110.00', '2017-02-09 12:00:00', 1, 0),
(63, 9, -2, 1, '100.00', '10.00', '110.00', '2017-02-23 13:00:00', 0, 0),
(64, 4, 117, 1, '200.00', '10.00', '210.00', '2017-01-13 10:00:00', 1, 0),
(65, 4, 117, 1, '200.00', '10.00', '210.00', '2017-01-20 10:00:00', 0, 0),
(66, 4, 117, 1, '200.00', '10.00', '210.00', '2017-01-27 10:00:00', 0, 0),
(67, 4, 117, 1, '200.00', '10.00', '210.00', '2017-02-03 10:00:00', 0, 0),
(68, 4, 118, 0, '100.00', '0.00', '100.00', '2017-01-13 10:00:00', 0, 0),
(69, 4, 0, 0, '110.00', '0.00', '110.00', '2017-01-28 10:00:00', 0, 0),
(70, 4, 119, 0, '1.00', '0.00', '1.00', '2017-01-13 10:30:00', -1, 0),
(71, 2, 113, 1, '90.00', '10.00', '100.00', '2017-01-13 11:00:00', 0, 0),
(72, 345, 86, 1, '90.00', '0.00', '90.00', '2017-01-20 11:30:00', 2, 0),
(73, 98, 111, 0, '120.00', '0.00', '120.00', '2017-01-17 10:00:00', -1, 0),
(76, 269, 65, 0, '90.00', '0.00', '90.00', '2017-01-17 12:00:00', 2, 0),
(79, 4, 117, 1, '200.00', '40.00', '210.00', '2017-01-17 10:30:00', 0, 0),
(80, 4, 117, 1, '0.00', '0.00', '2.00', '2017-01-24 10:30:00', 0, 0),
(81, 4, 0, 1, '0.00', '0.00', '3.00', '2017-01-30 13:30:00', 0, 0),
(82, 4, 117, 1, '0.00', '0.00', '4.00', '2017-02-07 10:30:00', 0, 0),
(83, 4, 117, 1, '200.00', '40.00', '240.00', '2017-01-17 11:00:00', 0, 0),
(84, 4, 117, 1, '0.00', '0.00', '2.00', '2017-01-24 11:00:00', 0, 0),
(85, 4, 0, 1, '0.00', '0.00', '3.00', '2017-01-31 12:00:00', 0, 0),
(86, 4, 117, 1, '0.00', '0.00', '4.00', '2017-02-07 11:00:00', 0, 0),
(87, 4, 118, 1, '100.00', '20.00', '120.00', '2017-01-17 11:30:00', 0, 0),
(88, 4, 118, 1, '0.00', '0.00', '2.00', '2017-01-31 11:30:00', 0, 0),
(89, 4, 169, 1, '200.00', '10.00', '210.00', '2017-01-16 10:00:00', 1, 0),
(157, 229, 90, 0, '120.00', '0.00', '120.00', '2017-01-08 11:00:00', 1, 0),
(91, 4, 169, 0, '0.00', '0.00', '3.00', '2017-01-30 10:00:00', 0, 0),
(92, 4, 169, 0, '0.00', '0.00', '4.00', '2017-02-06 10:00:00', 0, 0),
(93, 4, 169, 0, '200.00', '0.00', '200.00', '2017-01-16 10:30:00', 0, 0),
(94, 4, 169, 0, '0.00', '0.00', '2.00', '2017-01-23 10:30:00', 0, 0),
(95, 4, 169, 0, '0.00', '0.00', '3.00', '2017-01-30 10:30:00', 0, 0),
(96, 4, 169, 0, '0.00', '0.00', '4.00', '2017-02-06 10:30:00', 0, 0),
(97, 4, 169, 0, '200.00', '0.00', '200.00', '2017-01-16 11:00:00', 0, 0),
(98, 4, 169, 0, '0.00', '0.00', '2.00', '2017-01-23 11:00:00', 0, 0),
(99, 4, 169, 0, '0.00', '0.00', '3.00', '2017-01-30 11:00:00', 0, 0),
(100, 4, 169, 0, '0.00', '0.00', '4.00', '2017-02-06 11:00:00', 0, 0),
(101, 4, 169, 0, '200.00', '0.00', '200.00', '2017-01-16 11:30:00', 0, 0),
(102, 4, 169, 0, '0.00', '0.00', '2.00', '2017-01-23 11:30:00', 0, 0),
(103, 4, 169, 0, '0.00', '0.00', '3.00', '2017-01-30 11:30:00', 0, 0),
(104, 4, 169, 0, '0.00', '0.00', '4.00', '2017-02-06 11:30:00', 0, 0),
(105, 4, 169, 0, '200.00', '0.00', '200.00', '2017-01-16 12:00:00', 0, 0),
(106, 4, 169, 0, '0.00', '0.00', '2.00', '2017-01-23 12:00:00', 0, 0),
(107, 4, 169, 0, '0.00', '0.00', '3.00', '2017-01-30 12:00:00', 0, 0),
(108, 4, 169, 0, '0.00', '0.00', '4.00', '2017-02-06 12:00:00', 0, 0),
(109, 4, 169, 0, '200.00', '0.00', '200.00', '2017-01-16 12:30:00', 0, 0),
(110, 4, 169, 0, '0.00', '0.00', '2.00', '2017-01-23 12:30:00', 0, 0),
(111, 4, 169, 0, '0.00', '0.00', '3.00', '2017-01-30 12:30:00', 0, 0),
(112, 4, 169, 0, '0.00', '0.00', '4.00', '2017-02-06 12:30:00', 0, 0),
(113, 4, 169, 0, '200.00', '0.00', '200.00', '2017-01-16 13:00:00', 0, 0),
(114, 4, 169, 0, '0.00', '0.00', '2.00', '2017-01-23 13:00:00', 0, 0),
(115, 4, 169, 0, '0.00', '0.00', '3.00', '2017-01-30 13:00:00', 0, 0),
(116, 4, 169, 0, '0.00', '0.00', '4.00', '2017-02-06 13:00:00', 0, 0),
(117, 4, 169, 0, '200.00', '0.00', '200.00', '2017-01-16 13:30:00', 0, 0),
(118, 4, 169, 0, '0.00', '0.00', '2.00', '2017-01-23 13:30:00', 0, 0),
(119, 4, 169, 0, '0.00', '0.00', '3.00', '2017-01-30 13:30:00', 0, 0),
(120, 4, 169, 0, '0.00', '0.00', '4.00', '2017-02-06 13:30:00', 0, 0),
(121, 4, 169, 0, '200.00', '0.00', '200.00', '2017-01-16 14:00:00', 0, 0),
(122, 4, 169, 0, '0.00', '0.00', '2.00', '2017-01-23 14:00:00', 0, 0),
(123, 4, 169, 0, '0.00', '0.00', '3.00', '2017-01-30 14:00:00', 0, 0),
(124, 4, 169, 0, '0.00', '0.00', '4.00', '2017-02-06 14:00:00', 0, 0),
(125, 4, 168, 0, '100.00', '0.00', '100.00', '2017-01-16 14:30:00', 0, 0),
(126, 4, 168, 0, '0.00', '0.00', '2.00', '2017-01-30 14:30:00', 0, 0),
(127, 4, 168, 0, '100.00', '0.00', '100.00', '2017-01-16 15:00:00', 0, 0),
(128, 4, 168, 0, '0.00', '0.00', '2.00', '2017-01-30 15:00:00', 0, 0),
(129, 4, 168, 0, '100.00', '0.00', '100.00', '2017-01-16 15:30:00', 0, 0),
(130, 4, 168, 0, '0.00', '0.00', '2.00', '2017-01-30 15:30:00', 0, 0),
(131, 4, 168, 0, '100.00', '0.00', '100.00', '2017-01-16 16:00:00', 0, 0),
(132, 4, 168, 0, '0.00', '0.00', '2.00', '2017-01-30 16:00:00', 0, 0),
(133, 4, 169, 0, '200.00', '0.00', '200.00', '2017-01-16 16:30:00', 0, 6),
(134, 4, 169, 0, '0.00', '0.00', '2.00', '2017-01-23 16:30:00', 0, 6),
(135, 4, 169, 0, '0.00', '0.00', '3.00', '2017-01-30 16:30:00', 0, 6),
(136, 4, 169, 0, '0.00', '0.00', '4.00', '2017-02-06 16:30:00', 0, 6),
(137, 4, 168, 0, '100.00', '0.00', '100.00', '2017-01-16 17:00:00', 0, 7),
(138, 4, 168, 0, '0.00', '0.00', '2.00', '2017-01-30 17:00:00', 0, 7),
(139, 4, 169, 0, '200.00', '0.00', '200.00', '2017-01-23 17:00:00', 0, 8),
(140, 4, 169, 0, '200.00', '0.00', '200.00', '2017-02-20 18:00:00', 0, 8),
(141, 4, 169, 0, '200.00', '0.00', '200.00', '2017-02-06 17:00:00', 0, 8),
(142, 4, 169, 0, '200.00', '0.00', '200.00', '2017-02-13 17:00:00', 0, 8),
(143, 4, 169, 0, '200.00', '0.00', '200.00', '2017-01-23 17:30:00', 0, 9),
(144, 4, 169, 0, '0.00', '0.00', '200.00', '2017-02-20 18:30:00', 0, 9),
(145, 4, 169, 0, '0.00', '0.00', '200.00', '2017-02-06 17:30:00', 0, 9),
(146, 4, 169, 0, '0.00', '0.00', '200.00', '2017-02-13 17:30:00', 0, 9),
(147, 87, 207, 0, '200.00', '0.00', '200.00', '2017-01-01 12:00:00', 1, 10),
(148, 87, 207, 0, '0.00', '0.00', '0.00', '2017-01-29 10:00:00', 0, 10),
(149, 87, 207, 0, '0.00', '0.00', '0.00', '2017-01-15 10:00:00', 0, 10),
(158, 361, 34, 0, '80.00', '0.00', '80.00', '2017-01-08 10:00:00', 1, 0),
(151, 361, 34, 0, '80.00', '0.00', '80.00', '2017-01-15 11:30:00', 0, 0),
(152, 361, 36, 1, '120.00', '10.00', '130.00', '2017-01-15 12:00:00', 0, 0),
(153, 361, 155, 0, '200.00', '0.00', '200.00', '2017-01-28 10:30:00', 0, 11),
(154, 361, 155, 1, '0.00', '10.00', '10.00', '2017-02-04 10:30:00', 0, 11),
(155, 361, 155, 0, '0.00', '0.00', '0.00', '2017-02-11 10:30:00', 0, 11),
(156, 361, 155, 0, '0.00', '0.00', '0.00', '2017-02-18 10:30:00', 0, 11),
(159, 505, 109, 0, '80.00', '0.00', '80.00', '2017-01-08 10:30:00', 1, 0),
(160, 389, 80, 0, '90.00', '0.00', '90.00', '2017-01-08 11:30:00', 1, 0),
(161, 360, 85, 1, '80.00', '0.00', '80.00', '2017-01-08 12:00:00', 2, 0),
(163, 391, 52, 0, '80.00', '0.00', '80.00', '2017-01-08 12:30:00', 2, 0),
(164, 455, 70, 0, '80.00', '0.00', '80.00', '2017-01-08 13:00:00', 1, 0),
(165, 233, 109, 0, '80.00', '0.00', '80.00', '2017-01-08 13:30:00', 1, 0),
(166, 254, 109, 0, '80.00', '0.00', '80.00', '2017-01-08 14:00:00', 1, 0),
(167, 148, 94, 0, '80.00', '0.00', '80.00', '2017-01-08 14:30:00', 1, 0),
(168, 310, 85, 0, '80.00', '0.00', '80.00', '2017-01-08 15:00:00', 1, 0),
(169, 124, 94, 0, '80.00', '0.00', '80.00', '2017-01-08 15:30:00', 1, 0),
(170, 310, 85, 0, '80.00', '0.00', '80.00', '2017-01-08 16:00:00', 1, 0),
(171, 505, 110, 0, '90.00', '0.00', '90.00', '2017-01-08 16:30:00', 1, 0),
(172, 437, 58, 0, '80.00', '0.00', '80.00', '2017-01-08 17:30:00', 1, 0),
(173, 416, 109, 0, '80.00', '0.00', '80.00', '2017-01-08 18:30:00', 1, 0),
(174, 87, 110, 0, '90.00', '0.00', '90.00', '2017-01-08 17:00:00', 1, 0),
(175, 418, 5, 0, '90.00', '0.00', '90.00', '2017-01-08 19:00:00', 1, 0),
(176, 493, 109, 1, '80.00', '0.00', '80.00', '2017-01-08 10:00:00', 1, 0),
(177, 281, 22, 0, '80.00', '0.00', '80.00', '2017-01-08 10:00:00', 2, 0),
(178, 171, 109, 1, '80.00', '10.00', '90.00', '2017-01-09 18:00:00', 1, 0),
(179, 520, 144, 1, '100.00', '0.00', '100.00', '2017-01-01 13:00:00', 1, 12),
(180, 520, 144, 0, '0.00', '0.00', '0.00', '2017-01-15 10:00:00', 0, 12),
(181, 151, 94, 0, '80.00', '0.00', '80.00', '2017-02-17 10:00:00', 0, 0);

-- --------------------------------------------------------

--
-- Table structure for table `package`
--

CREATE TABLE IF NOT EXISTS `package` (
  `idPackage` int(11) NOT NULL AUTO_INCREMENT,
  `date1` timestamp NOT NULL DEFAULT CURRENT_TIMESTAMP ON UPDATE CURRENT_TIMESTAMP,
  `week1` int(11) NOT NULL,
  `date2` timestamp NOT NULL DEFAULT '0000-00-00 00:00:00',
  `week2` int(11) NOT NULL,
  `date3` timestamp NOT NULL DEFAULT '0000-00-00 00:00:00',
  `week3` int(11) NOT NULL,
  `date4` timestamp NOT NULL DEFAULT '0000-00-00 00:00:00',
  `week4` int(11) NOT NULL,
  PRIMARY KEY (`idPackage`)
) ENGINE=InnoDB  DEFAULT CHARSET=utf8 AUTO_INCREMENT=13 ;

--
-- Dumping data for table `package`
--

INSERT INTO `package` (`idPackage`, `date1`, `week1`, `date2`, `week2`, `date3`, `week3`, `date4`, `week4`) VALUES
(1, '2017-01-16 14:00:00', 1, '2017-01-23 14:00:00', 2, '2017-01-30 14:00:00', 3, '2017-02-06 14:00:00', 4),
(2, '2017-01-16 16:00:00', 1, '2017-01-30 16:00:00', 2, '0000-00-00 00:00:00', 0, '0000-00-00 00:00:00', 0),
(3, '2017-01-16 16:30:00', 1, '2017-01-23 16:30:00', 2, '2017-01-30 16:30:00', 3, '2017-02-06 16:30:00', 4),
(4, '2017-01-16 16:30:00', 1, '2017-01-23 16:30:00', 2, '2017-01-30 16:30:00', 3, '2017-02-06 16:30:00', 4),
(5, '2017-01-16 16:30:00', 1, '2017-01-23 16:30:00', 2, '2017-01-30 16:30:00', 3, '2017-02-06 16:30:00', 4),
(6, '2017-01-16 16:30:00', 1, '2017-01-23 16:30:00', 2, '2017-01-30 16:30:00', 3, '2017-02-06 16:30:00', 4),
(7, '2017-01-16 17:00:00', 1, '2017-01-23 17:00:00', 2, '0000-00-00 00:00:00', 0, '0000-00-00 00:00:00', 0),
(8, '2017-01-23 17:00:00', 1, '2017-01-30 17:00:00', 2, '2017-02-06 17:00:00', 3, '2017-02-13 17:00:00', 4),
(9, '2017-01-23 17:30:00', 1, '2017-01-30 17:30:00', 2, '2017-02-06 17:30:00', 3, '2017-02-13 17:30:00', 4),
(10, '2017-01-01 12:00:00', 4, '2017-01-29 10:00:00', 2, '2017-01-15 10:00:00', 0, '2017-01-22 10:00:00', 1),
(11, '2017-01-28 10:30:00', 1, '2017-02-04 10:30:00', 4, '2017-02-11 10:30:00', 2, '2017-02-18 10:30:00', 3),
(12, '2017-01-01 13:00:00', 4, '2017-01-08 10:00:00', 0, '0000-00-00 00:00:00', -2, '0000-00-00 00:00:00', -2);

-- --------------------------------------------------------

--
-- Table structure for table `servic`
--

CREATE TABLE IF NOT EXISTS `servic` (
  `idServic` int(10) NOT NULL AUTO_INCREMENT,
  `breed_idBreed` int(10) unsigned NOT NULL,
  `nameServic` varchar(100) COLLATE utf8_unicode_ci DEFAULT NULL,
  `sizeAnimal` int(10) unsigned DEFAULT '0',
  `valuation` decimal(10,2) DEFAULT NULL,
  `package` int(11) NOT NULL DEFAULT '0',
  PRIMARY KEY (`idServic`),
  KEY `servic_FKIndex1` (`breed_idBreed`)
) ENGINE=MyISAM  DEFAULT CHARSET=utf8 COLLATE=utf8_unicode_ci AUTO_INCREMENT=215 ;

--
-- Dumping data for table `servic`
--

INSERT INTO `servic` (`idServic`, `breed_idBreed`, `nameServic`, `sizeAnimal`, `valuation`, `package`) VALUES
(1, 1, 'Banho', 0, '80.00', 0),
(2, 1, 'Banho+Higienica', 0, '90.00', 0),
(3, 1, 'Banho+Tosa', 0, '120.00', 0),
(4, 2, 'Banho', 0, '80.00', 0),
(5, 2, 'Banho+Tosa', 0, '90.00', 0),
(6, 2, 'Banho+Higienica', 0, '120.00', 0),
(7, 3, 'Banho', 0, '80.00', 0),
(8, 3, 'Banho+Tosa', 0, '90.00', 0),
(9, 3, 'Banho+Higienica', 0, '120.00', 0),
(10, 4, 'Banho', 0, '80.00', 0),
(11, 4, 'Banho+Tosa', 0, '90.00', 0),
(12, 4, 'Banho+Higienica', 0, '120.00', 0),
(13, 5, 'Banho', 0, '80.00', 0),
(14, 5, 'Banho+Tosa', 0, '90.00', 0),
(15, 5, 'Banho+Higienica', 0, '120.00', 0),
(16, 6, 'Banho', 0, '80.00', 0),
(17, 6, 'Banho+Tosa', 0, '90.00', 0),
(18, 6, 'Banho+Higienica', 0, '120.00', 0),
(19, 7, 'Banho', 0, '80.00', 0),
(20, 7, 'Banho+Tosa', 0, '90.00', 0),
(21, 7, 'Banho+Higienica', 0, '120.00', 0),
(22, 8, 'Banho', 0, '80.00', 0),
(23, 8, 'Banho+Tosa', 0, '90.00', 0),
(24, 8, 'Banho+Higienica', 0, '120.00', 0),
(25, 9, 'Banho', 0, '80.00', 0),
(26, 9, 'Banho+Tosa', 0, '90.00', 0),
(27, 9, 'Banho+Higienica', 0, '120.00', 0),
(28, 10, 'Banho', 0, '80.00', 0),
(29, 10, 'Banho+Tosa', 0, '90.00', 0),
(30, 10, 'Banho+Higienica', 0, '120.00', 0),
(31, 11, 'Banho', 0, '80.00', 0),
(32, 11, 'Banho+Tosa', 0, '90.00', 0),
(33, 11, 'Banho+Higienica', 0, '120.00', 0),
(34, 12, 'Banho', 0, '80.00', 0),
(35, 12, 'Banho+Tosa', 0, '90.00', 0),
(36, 12, 'Banho+Higienica', 0, '120.00', 0),
(37, 13, 'Banho', 0, '80.00', 0),
(38, 13, 'Banho+Tosa', 0, '90.00', 0),
(39, 13, 'Banho+Higienica', 0, '120.00', 0),
(40, 14, 'Banho', 0, '80.00', 0),
(41, 14, 'Banho+Tosa', 0, '90.00', 0),
(42, 14, 'Banho+Higienica', 0, '120.00', 0),
(43, 15, 'Banho', 0, '80.00', 0),
(44, 15, 'Banho+Tosa', 0, '90.00', 0),
(45, 15, 'Banho+Higienica', 0, '120.00', 0),
(46, 16, 'Banho', 0, '80.00', 0),
(47, 16, 'Banho+Tosa', 0, '90.00', 0),
(48, 16, 'Banho+Higienica', 0, '120.00', 0),
(49, 17, 'Banho', 0, '80.00', 0),
(50, 17, 'Banho+Tosa', 0, '90.00', 0),
(51, 17, 'Banho+Higienica', 0, '120.00', 0),
(52, 18, 'Banho', 0, '80.00', 0),
(53, 18, 'Banho+Tosa', 0, '90.00', 0),
(54, 18, 'Banho+Higienica', 0, '120.00', 0),
(55, 19, 'Banho', 0, '80.00', 0),
(56, 19, 'Banho+Tosa', 0, '90.00', 0),
(57, 19, 'Banho+Higienica', 0, '120.00', 0),
(58, 20, 'Banho', 0, '80.00', 0),
(59, 20, 'Banho+Tosa', 0, '90.00', 0),
(60, 20, 'Banho+Higienica', 0, '120.00', 0),
(61, 21, 'Banho', 0, '80.00', 0),
(62, 21, 'Banho+Tosa', 0, '90.00', 0),
(63, 21, 'Banho+Higienica', 0, '120.00', 0),
(64, 22, 'Banho', 0, '80.00', 0),
(65, 22, 'Banho+Tosa', 0, '90.00', 0),
(66, 22, 'Banho+Higienica', 0, '120.00', 0),
(67, 23, 'Banho', 0, '80.00', 0),
(68, 23, 'Banho+Tosa', 0, '90.00', 0),
(69, 23, 'Banho+Higienica', 0, '120.00', 0),
(70, 24, 'Banho', 0, '80.00', 0),
(71, 24, 'Banho+Tosa', 0, '90.00', 0),
(72, 24, 'Banho+Higienica', 0, '120.00', 0),
(73, 25, 'Banho', 0, '80.00', 0),
(74, 25, 'Banho+Tosa', 0, '90.00', 0),
(75, 25, 'Banho+Higienica', 0, '120.00', 0),
(76, 26, 'Banho', 0, '80.00', 0),
(77, 26, 'Banho+Tosa', 0, '90.00', 0),
(78, 26, 'Banho+Higienica', 0, '120.00', 0),
(79, 27, 'Banho', 0, '80.00', 0),
(80, 27, 'Banho+Tosa', 0, '90.00', 0),
(81, 27, 'Banho+Higienica', 0, '120.00', 0),
(82, 28, 'Banho', 0, '80.00', 0),
(83, 28, 'Banho+Tosa', 0, '90.00', 0),
(84, 28, 'Banho+Higienica', 0, '120.00', 0),
(85, 29, 'Banho', 0, '80.00', 0),
(86, 29, 'Banho+Tosa', 0, '90.00', 0),
(87, 29, 'Banho+Higienica', 0, '120.00', 0),
(88, 30, 'Banho', 0, '80.00', 0),
(89, 30, 'Banho+Tosa', 0, '90.00', 0),
(90, 30, 'Banho+Higienica', 0, '120.00', 0),
(91, 31, 'Banho', 0, '80.00', 0),
(92, 31, 'Banho+Tosa', 0, '90.00', 0),
(93, 31, 'Banho+Higienica', 0, '120.00', 0),
(94, 32, 'Banho', 0, '80.00', 0),
(95, 32, 'Banho+Tosa', 0, '90.00', 0),
(96, 32, 'Banho+Higienica', 0, '120.00', 0),
(97, 33, 'Banho', 0, '80.00', 0),
(98, 33, 'Banho+Tosa', 0, '90.00', 0),
(99, 33, 'Banho+Higienica', 0, '120.00', 0),
(100, 34, 'Banho', 0, '80.00', 0),
(101, 34, 'Banho+Tosa', 0, '90.00', 0),
(102, 34, 'Banho+Higienica', 0, '120.00', 0),
(103, 35, 'Banho', 0, '80.00', 0),
(104, 35, 'Banho+Tosa', 0, '90.00', 0),
(105, 35, 'Banho+Higienica', 0, '120.00', 0),
(106, 36, 'Banho', 0, '80.00', 0),
(107, 36, 'Banho+Tosa', 0, '90.00', 0),
(108, 36, 'Banho+Higienica', 0, '120.00', 0),
(109, 37, 'Banho', 0, '80.00', 0),
(110, 37, 'Banho+Tosa', 0, '90.00', 0),
(111, 37, 'Banho+Higienica', 0, '120.00', 0),
(112, 38, 'Banho', 0, '80.00', 0),
(113, 38, 'Banho+Tosa', 0, '90.00', 0),
(114, 38, 'Banho+Higienica', 0, '120.00', 0),
(134, 3, 'Pacote 15', NULL, '100.00', 1),
(133, 2, 'Pacote 30', NULL, '200.00', 2),
(132, 2, 'Pacote 15', NULL, '100.00', 1),
(131, 1, 'Pacote 30', NULL, '200.00', 2),
(130, 1, 'Pacote 15', NULL, '100.00', 1),
(138, 5, 'Pacote 15', NULL, '100.00', 1),
(137, 4, 'Pacote 30', NULL, '200.00', 2),
(136, 4, 'Pacote 15', NULL, '100.00', 1),
(135, 3, 'Pacote 30', NULL, '200.00', 2),
(139, 5, 'Pacote 30', NULL, '200.00', 2),
(140, 6, 'Pacote 15', NULL, '100.00', 1),
(141, 6, 'Pacote 30', NULL, '200.00', 2),
(142, 7, 'Pacote 15', NULL, '100.00', 1),
(143, 7, 'Pacote 30', NULL, '200.00', 2),
(144, 40, 'Pacote 15', NULL, '100.00', 1),
(145, 40, 'Pacote 30', NULL, '200.00', 2),
(146, 8, 'Pacote 15', NULL, '100.00', 1),
(147, 8, 'Pacote 30', NULL, '200.00', 2),
(148, 9, 'Pacote 15', NULL, '100.00', 1),
(149, 9, 'Pacote 30', NULL, '200.00', 2),
(150, 10, 'Pacote 15', NULL, '100.00', 1),
(151, 10, 'Pacote 30', NULL, '200.00', 2),
(152, 11, 'Pacote 15', NULL, '100.00', 1),
(153, 11, 'Pacote 30', NULL, '200.00', 2),
(154, 12, 'Pacote 15', NULL, '100.00', 1),
(155, 12, 'Pacote 30', NULL, '200.00', 2),
(156, 13, 'Pacote 15', NULL, '100.00', 1),
(157, 13, 'Pacote 30', NULL, '200.00', 2),
(158, 14, 'Pacote 15', NULL, '100.00', 1),
(159, 14, 'Pacote 30', NULL, '200.00', 2),
(160, 15, 'Pacote 15', NULL, '100.00', 1),
(161, 15, 'Pacote 30', NULL, '200.00', 2),
(162, 16, 'Pacote 15', NULL, '100.00', 1),
(163, 16, 'Pacote 30', NULL, '200.00', 2),
(164, 17, 'Pacote 15', NULL, '100.00', 1),
(165, 17, 'Pacote 30', NULL, '200.00', 2),
(166, 18, 'Pacote 15', NULL, '100.00', 1),
(167, 18, 'Pacote 30', NULL, '200.00', 2),
(168, 19, 'Pacote 15', NULL, '100.00', 1),
(169, 19, 'Pacote 30', NULL, '200.00', 2),
(170, 20, 'Pacote 15', NULL, '100.00', 1),
(171, 20, 'Pacote 30', NULL, '200.00', 2),
(172, 21, 'Pacote 15', NULL, '100.00', 1),
(173, 21, 'Pacote 30', NULL, '200.00', 2),
(174, 22, 'Pacote 15', NULL, '100.00', 1),
(175, 22, 'Pacote 30', NULL, '200.00', 2),
(176, 23, 'Pacote 15', NULL, '100.00', 1),
(177, 23, 'Pacote 30', NULL, '200.00', 2),
(178, 24, 'Pacote 15', NULL, '100.00', 1),
(179, 24, 'Pacote 30', NULL, '200.00', 2),
(180, 42, 'Pacote 15', NULL, '100.00', 1),
(181, 42, 'Pacote 30', NULL, '200.00', 2),
(182, 25, 'Pacote 15', NULL, '100.00', 1),
(183, 25, 'Pacote 30', NULL, '200.00', 2),
(184, 26, 'Pacote 15', NULL, '100.00', 1),
(185, 26, 'Pacote 30', NULL, '200.00', 2),
(186, 27, 'Pacote 15', NULL, '100.00', 1),
(187, 27, 'Pacote 30', NULL, '200.00', 2),
(188, 28, 'Pacote 15', NULL, '100.00', 1),
(189, 28, 'Pacote 30', NULL, '200.00', 2),
(190, 29, 'Pacote 15', NULL, '100.00', 1),
(191, 29, 'Pacote 30', NULL, '200.00', 2),
(192, 30, 'Pacote 15', NULL, '100.00', 1),
(193, 30, 'Pacote 30', NULL, '200.00', 2),
(194, 31, 'Pacote 15', NULL, '100.00', 1),
(195, 31, 'Pacote 30', NULL, '200.00', 2),
(196, 32, 'Pacote 15', NULL, '100.00', 1),
(197, 32, 'Pacote 30', NULL, '200.00', 2),
(198, 33, 'Pacote 15', NULL, '100.00', 1),
(199, 33, 'Pacote 30', NULL, '200.00', 2),
(200, 34, 'Pacote 15', NULL, '100.00', 1),
(201, 34, 'Pacote 30', NULL, '200.00', 2),
(202, 35, 'Pacote 15', NULL, '100.00', 1),
(203, 35, 'Pacote 30', NULL, '200.00', 2),
(204, 36, 'Pacote 15', NULL, '100.00', 1),
(205, 36, 'Pacote 30', NULL, '200.00', 2),
(206, 37, 'Pacote 15', NULL, '100.00', 1),
(207, 37, 'Pacote 30', NULL, '200.00', 2),
(208, 38, 'Pacote 15', NULL, '100.00', 1),
(209, 38, 'Pacote 30', NULL, '200.00', 2),
(210, 53, 'Banho', 0, '20.00', 0),
(211, 53, 'Banho+Higienica', 0, '30.00', 0),
(212, 53, 'Banho+Tosa', 0, '40.00', 0),
(213, 53, 'Pacote 15', 0, '100.00', 1),
(214, 53, 'Pacote 30', 0, '150.00', 2);

/*!40101 SET CHARACTER_SET_CLIENT=@OLD_CHARACTER_SET_CLIENT */;
/*!40101 SET CHARACTER_SET_RESULTS=@OLD_CHARACTER_SET_RESULTS */;
/*!40101 SET COLLATION_CONNECTION=@OLD_COLLATION_CONNECTION */;
